"/OA_Charge (umc_mc_d_c1_vp=-0.067,umc_mc_d_cox_vp=-0.067) X","/OA_Charge (umc_mc_d_c1_vp=-0.067,umc_mc_d_cox_vp=-0.067) Y","/OA_Charge (umc_mc_d_c1_vp=-0.067,umc_mc_d_cox_vp=0) X","/OA_Charge (umc_mc_d_c1_vp=-0.067,umc_mc_d_cox_vp=0) Y","/OA_Charge (umc_mc_d_c1_vp=-0.067,umc_mc_d_cox_vp=0.067) X","/OA_Charge (umc_mc_d_c1_vp=-0.067,umc_mc_d_cox_vp=0.067) Y","/OA_Charge (umc_mc_d_c1_vp=0,umc_mc_d_cox_vp=-0.067) X","/OA_Charge (umc_mc_d_c1_vp=0,umc_mc_d_cox_vp=-0.067) Y","/OA_Charge (umc_mc_d_c1_vp=0,umc_mc_d_cox_vp=0) X","/OA_Charge (umc_mc_d_c1_vp=0,umc_mc_d_cox_vp=0) Y","/OA_Charge (umc_mc_d_c1_vp=0,umc_mc_d_cox_vp=0.067) X","/OA_Charge (umc_mc_d_c1_vp=0,umc_mc_d_cox_vp=0.067) Y","/OA_Charge (umc_mc_d_c1_vp=0.067,umc_mc_d_cox_vp=-0.067) X","/OA_Charge (umc_mc_d_c1_vp=0.067,umc_mc_d_cox_vp=-0.067) Y","/OA_Charge (umc_mc_d_c1_vp=0.067,umc_mc_d_cox_vp=0) X","/OA_Charge (umc_mc_d_c1_vp=0.067,umc_mc_d_cox_vp=0) Y","/OA_Charge (umc_mc_d_c1_vp=0.067,umc_mc_d_cox_vp=0.067) X","/OA_Charge (umc_mc_d_c1_vp=0.067,umc_mc_d_cox_vp=0.067) Y"
0,0,0,0,0,0,0,0,0,0,0,0,0,0,0,0,0,0
8e-10,-8.170458563548487e-15,8e-10,-8.170357417135984e-15,8e-10,-8.170256273306635e-15,8e-10,-8.365470642835475e-15,8e-10,-8.365371540821965e-15,8e-10,-8.36527244122394e-15,8e-10,-8.714193905955334e-15,8e-10,-8.714095638322682e-15,8e-10,-8.713997372981922e-15
2.4e-09,-1.070098718276959e-14,2.4e-09,-1.070088259733208e-14,2.4e-09,-1.070074683330529e-14,2.4e-09,-1.078506247718942e-14,2.4e-09,-1.078496286067391e-14,2.4e-09,-1.078483140161643e-14,2.4e-09,-1.222857472359098e-14,2.4e-09,-1.222845670375209e-14,2.4e-09,-1.222833985806949e-14
5.6e-09,-1.670765383062869e-14,5.6e-09,-1.670754067325629e-14,5.6e-09,-1.670728201343559e-14,5.6e-09,-1.648075878406145e-14,5.6e-09,-1.648059683064109e-14,5.6e-09,-1.648056774917615e-14,5.6e-09,-1.775256199161402e-14,5.6e-09,-1.775246519766467e-14,5.6e-09,-1.775217980323052e-14
1.2e-08,-3.727429289152598e-14,1.2e-08,-3.727420462100919e-14,1.2e-08,-3.727390653254805e-14,1.2e-08,-3.603876529273609e-14,1.2e-08,-3.603859918039783e-14,1.2e-08,-3.603808026946585e-14,1.2e-08,-3.137823506233546e-14,1.2e-08,-3.137805239184332e-14,1.2e-08,-3.137787364517631e-14
2.48e-08,-4.437769435269978e-14,2.48e-08,-4.43772344576192e-14,2.48e-08,-4.437688824267201e-14,2.48e-08,-4.277931358484197e-14,2.48e-08,-4.277904412261615e-14,2.48e-08,-4.277907121925571e-14,2.48e-08,-6.09379967615584e-14,2.48e-08,-6.093743732702812e-14,2.48e-08,-6.093663933238313e-14
3.74e-08,-6.185127948393816e-14,3.74e-08,-6.185088912175247e-14,3.74e-08,-6.185027343547845e-14,3.74e-08,-5.855444478001768e-14,3.74e-08,-5.855388755652117e-14,3.74e-08,-5.8553193515215e-14,3.74e-08,-7.687519777397989e-14,3.74e-08,-7.687474755703782e-14,3.74e-08,-7.687418412986585e-14
5e-08,-6.897603318230569e-14,5e-08,-6.897519760706217e-14,5e-08,-6.897471451731343e-14,5e-08,-6.042140468594631e-14,5e-08,-6.04213283138984e-14,5e-08,-6.042095774540474e-14,5e-08,-5.781913906956245e-14,5e-08,-5.781788920711993e-14,5e-08,-5.781738688691227e-14
5.0025e-08,1.884538894246292e-09,5.0025e-08,1.884491675187419e-09,5.0025e-08,1.884445088174832e-09,5.0025e-08,1.893134428110187e-09,5.0025e-08,1.89308907440945e-09,5.0025e-08,1.893041828007661e-09,5.0025e-08,1.900476985934676e-09,5.0025e-08,1.900428462509834e-09,5.0025e-08,1.90038389584564e-09
5.006416597520192e-08,-2.002282663236302e-07,5.006416597520192e-08,-2.002201955613055e-07,5.006416597520192e-08,-2.002121276320086e-07,5.006416597520192e-08,-2.069053852325884e-07,5.006416597520192e-08,-2.068972847312177e-07,5.006416597520192e-08,-2.068891831309948e-07,5.006416597520192e-08,-2.127682856231222e-07,5.006416597520192e-08,-2.127601777554053e-07,5.006416597520192e-08,-2.127520713921584e-07
5.007781837724161e-08,2.388634116000358e-07,5.00778183772416e-08,2.388594410539926e-07,5.00778183772416e-08,2.388554693574451e-07,5.00778183772406e-08,2.246989702161518e-07,5.007781837724059e-08,2.246954059606851e-07,5.007781837724059e-08,2.246918420813638e-07,5.007781837723966e-08,2.119558026692048e-07,5.007781837723966e-08,2.1195261509923e-07,5.007781837723966e-08,2.119494265712587e-07
5.00889091886208e-08,3.076081599977547e-08,5.00889091886208e-08,3.076487520972685e-08,5.00889091886208e-08,3.076893481118296e-08,5.008890918862029e-08,1.93268655073071e-08,5.008890918862029e-08,1.933107556225014e-08,5.008890918862029e-08,1.933528288658826e-08,5.008890918861983e-08,8.010451286277024e-09,5.008890918861983e-08,8.014783741950827e-09,5.008890918861983e-08,8.019114409948459e-09
5.00944545943104e-08,-4.310502371599869e-06,5.00944545943104e-08,-4.310359963810289e-06,5.00944545943104e-08,-4.310217563141661e-06,5.009445459431015e-08,-4.290804766022829e-06,5.009445459431015e-08,-4.290665393551132e-06,5.009445459431015e-08,-4.290526031211435e-06,5.009445459430991e-08,-4.276689104094114e-06,5.009445459430991e-08,-4.276552872601565e-06,5.009445459430991e-08,-4.276416650718463e-06
5.01e-08,-1.483811195749495e-05,5.01e-08,-1.483765047048775e-05,5.01e-08,-1.483718901044738e-05,5.01e-08,-1.476264615507498e-05,5.01e-08,-1.476219431875734e-05,5.01e-08,-1.476174250840623e-05,5.01e-08,-1.469215219565273e-05,5.01e-08,-1.469171018553164e-05,5.01e-08,-1.469126820207049e-05
5.010301280856971e-08,-2.189024718338902e-05,5.010301280856971e-08,-2.18895920930807e-05,5.01030128085697e-08,-2.188893704061378e-05,5.010301280856777e-08,-2.179553747961204e-05,5.010301280856777e-08,-2.17948953002641e-05,5.010301280856776e-08,-2.179425315813731e-05,5.010301280856591e-08,-2.170300301924396e-05,5.01030128085659e-08,-2.170237397839353e-05,5.01030128085659e-08,-2.170174497337981e-05
5.010797363245747e-08,-3.232608451789533e-05,5.010797363245747e-08,-3.23251657309263e-05,5.010797363245745e-08,-3.232424699364871e-05,5.010797363245506e-08,-3.222126696784157e-05,5.010797363245506e-08,-3.222036473323403e-05,5.010797363245505e-08,-3.221946254659826e-05,5.010797363245274e-08,-3.210957006450247e-05,5.010797363245274e-08,-3.210868470982607e-05,5.010797363245274e-08,-3.210779940271392e-05
5.011286494723198e-08,-3.84632236512819e-05,5.011286494723198e-08,-3.846220532596906e-05,5.011286494723197e-08,-3.846118704976271e-05,5.011286494722901e-08,-3.839486401555828e-05,5.011286494722901e-08,-3.839386166858051e-05,5.011286494722901e-08,-3.839285937141142e-05,5.011286494722616e-08,-3.830179622624079e-05,5.011286494722615e-08,-3.830081036948563e-05,5.011286494722615e-08,-3.829982456152239e-05
5.012163938180238e-08,-3.53503212156054e-05,5.012163938180234e-08,-3.534957545423929e-05,5.012163938180237e-08,-3.534882971782826e-05,5.01216393817951e-08,-3.542176608836025e-05,5.012163938179511e-08,-3.542102676205447e-05,5.012163938179511e-08,-3.542028746187089e-05,5.0121639381787e-08,-3.544170999550423e-05,5.012163938178698e-08,-3.544097785744483e-05,5.012163938178703e-08,-3.544024574779841e-05
5.012787638983616e-08,-2.523239062724461e-05,5.012787638983611e-08,-2.523204703188202e-05,5.012787638983614e-08,-2.523170343640174e-05,5.01278763898197e-08,-2.540435943764268e-05,5.012787638981969e-08,-2.54040135588169e-05,5.012787638981968e-08,-2.540366768049797e-05,5.012787638980266e-08,-2.552509955140373e-05,5.012787638980264e-08,-2.552475197110622e-05,5.012787638980267e-08,-2.552440439297134e-05
5.013443279017034e-08,-1.466480973736492e-05,5.013443279017026e-08,-1.4664820428324e-05,5.013443279017029e-08,-1.466483110035454e-05,5.013443279013852e-08,-1.488688515075234e-05,5.013443279013851e-08,-1.488688837990841e-05,5.013443279013849e-08,-1.488689159112351e-05,5.013443279010672e-08,-1.507909841664934e-05,5.013443279010669e-08,-1.507909425050133e-05,5.013443279010674e-08,-1.507909006574581e-05
5.014172036463611e-08,-6.119335494474548e-06,5.014172036463601e-08,-6.119579438170132e-06,5.014172036463604e-08,-6.119823354649612e-06,5.01417203645928e-08,-6.331197394657909e-06,5.014172036459278e-08,-6.33143315146791e-06,5.014172036459275e-08,-6.331668881247569e-06,5.014172036454991e-08,-6.532447477517506e-06,5.014172036454987e-08,-6.532674555169105e-06,5.014172036454991e-08,-6.532901605304909e-06
5.014931883543616e-08,-1.750288016637388e-07,5.014931883543604e-08,-1.753884588155763e-07,5.014931883543606e-08,-1.757480857914927e-07,5.014931883537313e-08,-3.333690071863864e-07,5.014931883537309e-08,-3.337225980529885e-07,5.014931883537305e-08,-3.340761607346152e-07,5.014931883531149e-08,-5.016476463230544e-07,5.014931883531143e-08,-5.019941883822885e-07,5.014931883531147e-08,-5.023407009288119e-07
5.015840092142513e-08,4.903116370495315e-06,5.015840092142498e-08,4.902696154734734e-06,5.0158400921425e-08,4.902275966522535e-06,5.015840092133026e-08,4.827648077048115e-06,5.015840092133021e-08,4.827230769476426e-06,5.015840092133015e-08,4.826813488441594e-06,5.01584009212394e-08,4.728872940797612e-06,5.015840092123932e-08,4.728459829884002e-06,5.015840092123936e-08,4.728046745678249e-06
5.017035078006519e-08,1.054393217627058e-05,5.0170350780065e-08,1.054346598579661e-05,5.017035078006504e-08,1.05429998191187e-05,5.01703507799588e-08,1.057491360443792e-05,5.017035077995875e-08,1.05744475435137e-05,5.017035077995868e-08,1.057398150682448e-05,5.017035077985429e-08,1.056733906914774e-05,5.01703507798542e-08,1.056687453678285e-05,5.017035077985427e-08,1.056641002935779e-05
5.018908817900842e-08,1.695301453762162e-05,5.018908817900818e-08,1.695253800644882e-05,5.018908817900833e-08,1.69520614924093e-05,5.018908817895601e-08,1.713283677599622e-05,5.018908817895597e-08,1.713235823916255e-05,5.018908817895595e-08,1.713187971479362e-05,5.018908817890001e-08,1.726542527250862e-05,5.01890881788999e-08,1.726494584609863e-05,5.01890881789001e-08,1.726446643476174e-05
5.021518370114881e-08,1.835397269370629e-05,5.021518370114829e-08,1.835364144183577e-05,5.021518370114775e-08,1.835331019516954e-05,5.02151837010219e-08,1.867776095359484e-05,5.021518370102202e-08,1.867742655594302e-05,5.021518370102211e-08,1.867709216491326e-05,5.021518370089509e-08,1.895386062772924e-05,5.021518370089473e-08,1.895352354764562e-05,5.021518370089463e-08,1.895318646877324e-05
5.024829318990682e-08,1.045019107602676e-05,5.024829318990616e-08,1.045016396611492e-05,5.024829318990551e-08,1.045013684739667e-05,5.024829318692527e-08,1.079102197374483e-05,5.024829318692494e-08,1.079099265220353e-05,5.024829318692486e-08,1.079096332244139e-05,5.02482931842635e-08,1.110598370410656e-05,5.024829318426302e-08,1.11059518384897e-05,5.024829318426268e-08,1.110591996257921e-05
5.027786171937008e-08,1.887931378990896e-06,5.027786171936937e-08,1.888075567390961e-06,5.027786171936862e-08,1.888219745509873e-06,5.027786171578257e-08,2.104371396385791e-06,5.027786171578233e-08,2.104516385569771e-06,5.027786171578227e-08,2.104661355820455e-06,5.027786171252569e-08,2.315924156333352e-06,5.027786171252517e-08,2.31606927118373e-06,5.02778617125248e-08,2.316214375439952e-06
5.031227877890017e-08,-3.480811310582086e-06,5.031227877889955e-08,-3.480651991225518e-06,5.031227877889895e-08,-3.480492672898937e-06,5.031227877484296e-08,-3.437575814847142e-06,5.031227877484275e-08,-3.437413192694835e-06,5.031227877484283e-08,-3.437250578317086e-06,5.031227877114969e-08,-3.381918349236353e-06,5.031227877114926e-08,-3.381752971734747e-06,5.031227877114907e-08,-3.381587601724355e-06
5.035868632508442e-08,-4.515509032526371e-06,5.035868632508433e-08,-4.515434390167822e-06,5.035868632508421e-08,-4.515359749380095e-06,5.03586863227441e-08,-4.599411477318027e-06,5.035868632274491e-08,-4.599334245850212e-06,5.035868632274598e-08,-4.599257010305133e-06,5.035868632058583e-08,-4.668460139589324e-06,5.03586863205861e-08,-4.668380414412506e-06,5.035868632058664e-08,-4.668300687174974e-06
5.041319293707798e-08,-2.731643223770446e-06,5.041319293707793e-08,-2.731635467004399e-06,5.04131929370775e-08,-2.731627705523316e-06,5.041319293542398e-08,-2.820571445475037e-06,5.041319293542478e-08,-2.820563737283221e-06,5.041319293542613e-08,-2.820556028136672e-06,5.041319293378482e-08,-2.901408249759081e-06,5.041319293378566e-08,-2.901400415892023e-06,5.041319293378609e-08,-2.901392576345722e-06
5.047546540967087e-08,-1.042497497189054e-06,5.04754654096717e-08,-1.042504809209032e-06,5.04754654096729e-08,-1.042512124673268e-06,5.047546540984281e-08,-1.085791430419325e-06,5.047546540984498e-08,-1.085799763331697e-06,5.047546540984733e-08,-1.085808096789351e-06,5.047546540995208e-08,-1.128474402143111e-06,5.047546540995352e-08,-1.128483662490917e-06,5.047546540995579e-08,-1.12849292119303e-06
5.055284774711154e-08,-2.966844177641111e-07,5.055284774711252e-08,-2.966862865086747e-07,5.055284774711445e-08,-2.96688153445174e-07,5.055284774779608e-08,-3.049305512206491e-07,5.055284774779846e-08,-3.049329680288298e-07,5.055284774780206e-08,-3.04935382465264e-07,5.055284774845522e-08,-3.122427948209695e-07,5.055284774845678e-08,-3.122457692539784e-07,5.055284774845923e-08,-3.122487445585102e-07
5.06600855572488e-08,-9.576129517634325e-08,5.066008555725188e-08,-9.576083402341889e-08,5.066008555724925e-08,-9.576037603701634e-08,5.066008555444819e-08,-9.258205509922863e-08,5.066008555445243e-08,-9.258164849719605e-08,5.066008555445368e-08,-9.258124378739697e-08,5.066008555180322e-08,-9.045148267101939e-08,5.066008555180727e-08,-9.045112829020363e-08,5.066008555180843e-08,-9.045076956480131e-08
5.083170524286404e-08,-1.005871151086118e-07,5.083170524285208e-08,-1.005862913318737e-07,5.083170524285375e-08,-1.005854688175468e-07,5.083170523044097e-08,-9.620812230238944e-08,5.08317052304452e-08,-9.62073654139718e-08,5.083170523045357e-08,-9.620660874705851e-08,5.083170522109861e-08,-9.142487652373711e-08,5.083170522110116e-08,-9.142417875382403e-08,5.083170522109957e-08,-9.14234795702e-08
5.113677368144081e-08,-8.71430088088768e-08,5.113677368143271e-08,-8.714255152028819e-08,5.113677368148885e-08,-8.714209680351501e-08,5.113677366140707e-08,-8.248298661638404e-08,5.113677366138498e-08,-8.248258306380762e-08,5.113677366142225e-08,-8.24821801783878e-08,5.113677363271828e-08,-7.902640034388351e-08,5.113677363271794e-08,-7.902604523332583e-08,5.11367736327699e-08,-7.902569049072856e-08
5.17288786257631e-08,-9.997038647740635e-08,5.172887862588507e-08,-9.996955185822249e-08,5.172887862620603e-08,-9.996871367890094e-08,5.172887859625374e-08,-9.536209430937955e-08,5.17288785966613e-08,-9.536132540997418e-08,5.172887859636767e-08,-9.536055487819926e-08,5.172887856062992e-08,-9.035343403327028e-08,5.172887856036576e-08,-9.035272071889039e-08,5.172887856074403e-08,-9.035201387895789e-08
5.257174474317809e-08,-8.243445150366522e-08,5.257174474313583e-08,-8.243403727998039e-08,5.257174474372554e-08,-8.243363127529589e-08,5.257174470247634e-08,-7.799650742560571e-08,5.257174470254875e-08,-7.79961406299414e-08,5.257174470283225e-08,-7.799578417132091e-08,5.257174464756824e-08,-7.474479245654704e-08,5.257174464708133e-08,-7.474447858367178e-08,5.25717446475495e-08,-7.474415844733455e-08
5.383324957757814e-08,-8.778220189612581e-08,5.383324957772673e-08,-8.778145919748365e-08,5.383324957796109e-08,-8.778070490298807e-08,5.383324951449555e-08,-8.376199447425124e-08,5.383324951457686e-08,-8.376130849216461e-08,5.383324951424471e-08,-8.376061635569144e-08,5.383324944012654e-08,-7.928245893232694e-08,5.383324943996903e-08,-7.928182166573359e-08,5.383324944027177e-08,-7.928118867626399e-08
5.570018083953025e-08,-6.09783072483619e-08,5.570018084038768e-08,-6.097805850948738e-08,5.570018084112692e-08,-6.097780821820765e-08,5.570018074283983e-08,-5.75956114079033e-08,5.57001807429969e-08,-5.759538735796866e-08,5.570018074416974e-08,-5.759518034921162e-08,5.570018062110202e-08,-5.53012074316876e-08,5.57001806203777e-08,-5.530102449439442e-08,5.570018062179943e-08,-5.530083923220844e-08
5.861133200230836e-08,-5.619918703417209e-08,5.861133200090975e-08,-5.619868603146776e-08,5.861133200359531e-08,-5.619815972961788e-08,5.861133185497858e-08,-5.373472694700594e-08,5.861133185679757e-08,-5.373425007535683e-08,5.861133185483367e-08,-5.373376710147871e-08,5.861133167360951e-08,-5.066360889161925e-08,5.861133167271237e-08,-5.066315880107e-08,5.861133167328266e-08,-5.066272262380905e-08
6.322056535096249e-08,-1.893653236240293e-08,6.322056534938726e-08,-1.893659114059142e-08,6.322056534904545e-08,-1.893666059173835e-08,6.322056511630333e-08,-1.762801979362204e-08,6.322056512014246e-08,-1.762807713391763e-08,6.322056511775467e-08,-1.762815577835975e-08,6.322056483052776e-08,-1.721342528999404e-08,6.322056483091059e-08,-1.721349596881817e-08,6.322056482949059e-08,-1.721357589545643e-08
7.010586993316102e-08,-7.473966460526229e-09,7.010586994052288e-08,-7.473826142994139e-09,7.010586994712595e-08,-7.47366918703745e-09,7.010586958770993e-08,-7.412587968395357e-09,7.010586957993431e-08,-7.412441161965589e-09,7.01058695874352e-08,-7.412278945630424e-09,7.010586912055286e-08,-6.518310146855779e-09,7.010586910638278e-08,-6.518161830907208e-09,7.010586912555892e-08,-6.518011559117825e-09
8.070053088641237e-08,2.967076456946823e-08,8.070053097232653e-08,2.967033132433302e-08,8.070053075328395e-08,2.966991678893212e-08,8.07005302280261e-08,2.858160776511581e-08,8.07005304277222e-08,2.858121758882998e-08,8.070053039007942e-08,2.858083173968003e-08,8.070052946669182e-08,2.682370013252124e-08,8.070052954677296e-08,2.682333921631971e-08,8.070052951604294e-08,2.682295542519083e-08
9.035026544320618e-08,2.68267461948401e-08,9.035026548616326e-08,2.682662878496186e-08,9.035026537664198e-08,2.682656697703335e-08,9.035026511401305e-08,2.519623864293358e-08,9.03502652138611e-08,2.519615040703109e-08,9.035026519503971e-08,2.51960845141007e-08,9.035026473334591e-08,2.455787018193173e-08,9.035026477338648e-08,2.455780582069747e-08,9.035026475802147e-08,2.45577363761142e-08
1e-07,4.593144038504823e-08,1e-07,4.593089036912518e-08,1e-07,4.593037016522957e-08,1e-07,4.403962236724708e-08,1e-07,4.403910606539769e-08,1e-07,4.403863782669775e-08,1e-07,4.155427764689671e-08,1e-07,4.155381098252419e-08,1e-07,4.155334232959576e-08
1.00025e-07,3.85950211829848e-08,1.00025e-07,3.859468226350637e-08,1.00025e-07,3.859438826297366e-08,1.00025e-07,3.671775669186128e-08,1.00025e-07,3.671744326993364e-08,1.00025e-07,3.671719113023716e-08,1.00025e-07,3.50532437910913e-08,1.00025e-07,3.505297993662276e-08,1.00025e-07,3.50527193387046e-08
1.000648360088907e-07,6.108824020021383e-08,1.000648360088907e-07,6.108728399085921e-08,1.000648360088907e-07,6.108637727316273e-08,1.000648360088909e-07,5.935095993339953e-08,1.00064836008891e-07,5.935003362290803e-08,1.00064836008891e-07,5.934917698887441e-08,1.000648360088911e-07,5.783144332568275e-08,1.000648360088911e-07,5.78305752835049e-08,1.000648360088911e-07,5.782971554687474e-08
1.000736270066681e-07,4.880521004721753e-07,1.000736270066681e-07,4.880386298028957e-07,1.000736270066681e-07,4.880252075799106e-07,1.000736270066682e-07,4.836400603366284e-07,1.000736270066682e-07,4.836268886558083e-07,1.000736270066682e-07,4.836137859967968e-07,1.000736270066683e-07,4.810652239993022e-07,1.000736270066683e-07,4.810523708454838e-07,1.000736270066683e-07,4.810395247206715e-07
1.00086558847036e-07,-1.423123366920193e-07,1.000865588470358e-07,-1.423032423546168e-07,1.000865588470359e-07,-1.422941019300178e-07,1.000865588470362e-07,-1.436533280119531e-07,1.000865588470361e-07,-1.436444233779858e-07,1.00086558847036e-07,-1.436354505491609e-07,1.000865590313504e-07,-1.490043402541629e-07,1.000865590313505e-07,-1.48995540450741e-07,1.000865590313507e-07,-1.489867394683073e-07
1.00093279423518e-07,-7.045694581118092e-06,1.000932794235179e-07,-7.045471222906865e-06,1.000932794235179e-07,-7.045247831818814e-06,1.000932794235181e-07,-7.012660195093145e-06,1.00093279423518e-07,-7.012441425565569e-06,1.00093279423518e-07,-7.012222602304782e-06,1.000932795156752e-07,-7.01459913586787e-06,1.000932795156752e-07,-7.014384566829746e-06,1.000932795156753e-07,-7.014170005848769e-06
1.00096639711759e-07,-1.428070283606203e-05,1.000966397117589e-07,-1.428026299127303e-05,1.00096639711759e-07,-1.427982312742091e-05,1.00096639711759e-07,-1.421566841912453e-05,1.00096639711759e-07,-1.421523739048071e-05,1.00096639711759e-07,-1.421480632140307e-05,1.000966397578376e-07,-1.419636930215517e-05,1.000966397578376e-07,-1.419594660951503e-05,1.000966397578377e-07,-1.4195523937455e-05
1.001e-07,-2.230636464737439e-05,1.001e-07,-2.230570060775539e-05,1.001e-07,-2.230503656219159e-05,1.001e-07,-2.22162506968004e-05,1.001e-07,-2.221559932220391e-05,1.001e-07,-2.221494791838512e-05,1.001e-07,-2.216722444494019e-05,1.001e-07,-2.216658535153984e-05,1.001e-07,-2.216594628873419e-05
1.001032789253842e-07,-2.897616094670136e-05,1.001032789253842e-07,-2.897533854254909e-05,1.001032789253842e-07,-2.897451613950182e-05,1.001032789253713e-07,-2.888452852351106e-05,1.001032789253713e-07,-2.888372061473776e-05,1.001032789253712e-07,-2.888291268433656e-05,1.001032789190636e-07,-2.882523311709498e-05,1.001032789190636e-07,-2.882443949631419e-05,1.001032789190636e-07,-2.882364591215736e-05
1.001073423781929e-07,-3.641397652897687e-05,1.001073423781929e-07,-3.641299274655537e-05,1.001073423781929e-07,-3.641200897085657e-05,1.001073423781757e-07,-3.633049388745485e-05,1.001073423781757e-07,-3.632952597784447e-05,1.001073423781756e-07,-3.63285580521261e-05,1.00107342347559e-07,-3.626711019668532e-05,1.00107342347559e-07,-3.626615820548493e-05,1.00107342347559e-07,-3.626520625718684e-05
1.001115000685188e-07,-4.210260153107635e-05,1.001115000685188e-07,-4.210152745891891e-05,1.001115000685188e-07,-4.210045339708867e-05,1.001115000684966e-07,-4.204672275361286e-05,1.001115000684967e-07,-4.204566423306792e-05,1.001115000684966e-07,-4.204460569908933e-05,1.001115000170133e-07,-4.199627794110684e-05,1.001115000170133e-07,-4.199523527292971e-05,1.001115000170133e-07,-4.199419264887876e-05
1.001175232785053e-07,-4.589442686226285e-05,1.001175232785053e-07,-4.589337057172993e-05,1.001175232785056e-07,-4.589231428366389e-05,1.001175232784715e-07,-4.590865477448253e-05,1.001175232784715e-07,-4.590761078791134e-05,1.001175232784713e-07,-4.590656678146039e-05,1.00117523210465e-07,-4.590393931302868e-05,1.00117523210465e-07,-4.590290817811813e-05,1.00117523210465e-07,-4.590187708017038e-05
1.001248103890984e-07,-4.104942722597886e-05,1.001248103890985e-07,-4.104866868622751e-05,1.001248103890985e-07,-4.10479101256922e-05,1.001248103890828e-07,-4.119832051809901e-05,1.001248103890828e-07,-4.119756586703173e-05,1.001248103890828e-07,-4.119681117185668e-05,1.001248103287751e-07,-4.128763951088708e-05,1.001248103287751e-07,-4.128688941387152e-05,1.00124810328775e-07,-4.128613933390464e-05
1.001317175397153e-07,-2.761689066079485e-05,1.001317175397153e-07,-2.761663178117798e-05,1.001317175397153e-07,-2.761637284860452e-05,1.001317175397014e-07,-2.791496262725667e-05,1.001317175397014e-07,-2.791469740838147e-05,1.001317175397013e-07,-2.791443211355452e-05,1.001317174836608e-07,-2.813030964938077e-05,1.001317174836608e-07,-2.813003864247313e-05,1.001317174836607e-07,-2.812976762476899e-05
1.0013786374883e-07,-1.405259615410444e-05,1.001378637488301e-07,-1.405276072714068e-05,1.0013786374883e-07,-1.405292522604799e-05,1.001378637487994e-07,-1.443873383194888e-05,1.001378637487994e-07,-1.443888593382308e-05,1.001378637487994e-07,-1.443903793924384e-05,1.001378636927676e-07,-1.475091897883322e-05,1.001378636927675e-07,-1.475105887572907e-05,1.001378636927674e-07,-1.475119873868212e-05
1.001456175851556e-07,-1.77108618935599e-06,1.001456175851556e-07,-1.771555542391071e-06,1.001456175851561e-07,-1.772024808671346e-06,1.001456175850926e-07,-2.16940409188577e-06,1.001456175850926e-07,-2.16986021985264e-06,1.001456175850922e-07,-2.170316240043836e-06,1.001456174928277e-07,-2.517868662310148e-06,1.001456174928278e-07,-2.518311315895559e-06,1.001456174928278e-07,-2.518753923851442e-06
1.001537400895805e-07,5.774085604949424e-06,1.001537400895805e-07,5.773509559547943e-06,1.001537400895807e-07,5.772933598738055e-06,1.001537400894856e-07,5.436779666752967e-06,1.001537400894856e-07,5.436212966762716e-06,1.001537400894853e-07,5.435646372539883e-06,1.0015374001416e-07,5.130941700167967e-06,1.001537400141601e-07,5.130385051234206e-06,1.0015374001416e-07,5.129828447354e-06
1.00162449382615e-07,1.065236863095295e-05,1.001624493826149e-07,1.06517867523314e-05,1.001624493826153e-07,1.065120495224995e-05,1.001624493824548e-07,1.040617006646281e-05,1.001624493824548e-07,1.040559269091936e-05,1.001624493824543e-07,1.040501541008025e-05,1.001624492899651e-07,1.017509514858281e-05,1.001624492899652e-07,1.017452323812516e-05,1.001624492899651e-07,1.017395136596989e-05
1.001733684462567e-07,1.485437298953339e-05,1.001733684462566e-07,1.485382612592318e-05,1.001733684462573e-07,1.485327933028779e-05,1.001733684460793e-07,1.471808399802549e-05,1.001733684460793e-07,1.471753741132799e-05,1.001733684460786e-07,1.471699091247432e-05,1.00173368334973e-07,1.458578975141351e-05,1.001733683349731e-07,1.458524442890758e-05,1.001733683349731e-07,1.458469913559624e-05
1.001898356813411e-07,1.91377964304824e-05,1.001898356813409e-07,1.913731845296954e-05,1.001898356813429e-07,1.913684053106153e-05,1.001898356812634e-07,1.913455729336553e-05,1.001898356812636e-07,1.913407701116757e-05,1.001898356812623e-07,1.91335968075138e-05,1.001898354925693e-07,1.91218158393576e-05,1.001898354925698e-07,1.912133396751243e-05,1.0018983549257e-07,1.912085211622531e-05
1.002152132720892e-07,2.101442497349585e-05,1.002152132720891e-07,2.101409073868647e-05,1.002152132720912e-07,2.101375654996899e-05,1.00215213271819e-07,2.1129808546932e-05,1.002152132718189e-07,2.112947253989685e-05,1.002152132718173e-07,2.112913659794793e-05,1.002152130348309e-07,2.122914292620544e-05,1.002152130348315e-07,2.122880523363178e-05,1.002152130348315e-07,2.122846754789517e-05
1.002505320429518e-07,1.44664860993695e-05,1.002505320429514e-07,1.446642269873095e-05,1.002505320429555e-07,1.446635933273103e-05,1.002505320426423e-07,1.462042487962569e-05,1.002505320426421e-07,1.462036195772764e-05,1.002505320426394e-07,1.462029909574466e-05,1.002505317023218e-07,1.475689637882817e-05,1.002505317023224e-07,1.475683340606856e-05,1.002505317023233e-07,1.475677042800237e-05
1.002834173747196e-07,4.99613192095631e-06,1.002834173747196e-07,4.996249904768426e-06,1.002834173747241e-07,4.996367917016479e-06,1.002834173741467e-07,5.088974631423496e-06,1.002834173741468e-07,5.089095151974288e-06,1.002834173741445e-07,5.089215726721927e-06,1.00283417026833e-07,5.177027601323928e-06,1.00283417026834e-07,5.177149981594124e-06,1.002834170268352e-07,5.17727235349535e-06
1.003205962564037e-07,-1.002144317337748e-06,1.003205962564038e-07,-1.002014304280779e-06,1.003205962564094e-07,-1.001884252659159e-06,1.003205962559426e-07,-1.014505270961928e-06,1.003205962559429e-07,-1.014371294344459e-06,1.003205962559401e-07,-1.014237256800756e-06,1.003205958266778e-07,-1.022547690794961e-06,1.00320595826679e-07,-1.022410182565442e-06,1.003205958266805e-07,-1.02227267396275e-06
1.00368244738027e-07,-2.414104001551826e-06,1.003682447380277e-07,-2.414053899809643e-06,1.003682447380356e-07,-2.414003746628811e-06,1.003682447394304e-07,-2.487400260174482e-06,1.003682447394315e-07,-2.487347730714501e-06,1.003682447394283e-07,-2.487295132912969e-06,1.003682441585235e-07,-2.55352398459062e-06,1.003682441585259e-07,-2.55346901514677e-06,1.003682441585283e-07,-2.553414043543311e-06
1.004203902508748e-07,-1.464686817066564e-06,1.004203902508749e-07,-1.464685182873532e-06,1.004203902508848e-07,-1.464683510494443e-06,1.004203902524247e-07,-1.52001414898808e-06,1.004203902524245e-07,-1.520012583182394e-06,1.004203902524206e-07,-1.520010953535132e-06,1.004203896353671e-07,-1.573463107582372e-06,1.004203896353693e-07,-1.573461433538571e-06,1.004203896353719e-07,-1.573459746254185e-06
1.004814289525969e-07,-5.075145917704028e-07,1.004814289525982e-07,-5.075211641895e-07,1.004814289526096e-07,-5.0752769361551e-07,1.004814289560685e-07,-5.264322431142327e-07,1.004814289560711e-07,-5.264396310344332e-07,1.004814289560671e-07,-5.264469564228619e-07,1.004814281797455e-07,-5.44615798912636e-07,1.004814281797492e-07,-5.446239070536702e-07,1.004814281797536e-07,-5.446320140900888e-07
1.005599133324952e-07,-1.182464645998637e-07,1.005599133324965e-07,-1.182479147048741e-07,1.005599133325124e-07,-1.182493301587106e-07,1.005599133365891e-07,-1.172215755366843e-07,1.005599133365912e-07,-1.172233778903512e-07,1.00559913336583e-07,-1.172251138058306e-07,1.005599123396636e-07,-1.169340558128758e-07,1.005599123396688e-07,-1.169361941643688e-07,1.005599123396745e-07,-1.169383273898832e-07
1.006752243542907e-07,-4.592019143922839e-08,1.006752243542931e-07,-4.591992123214204e-08,1.006752243543217e-07,-4.591960558183622e-08,1.006752243578524e-07,-4.278618780923539e-08,1.00675224357858e-07,-4.27858877650321e-08,1.006752243578501e-07,-4.278552670450541e-08,1.006752227426043e-07,-3.895193468293481e-08,1.006752227426097e-07,-3.895157075593545e-08,1.006752227426148e-07,-3.895120477756173e-08
1.008656558140396e-07,-4.795497630156289e-08,1.008656558140372e-07,-4.795507063851972e-08,1.008656558140588e-07,-4.795512664482288e-08,1.008656558123759e-07,-4.562741076160891e-08,1.008656558123364e-07,-4.562753992791321e-08,1.008656558123459e-07,-4.562760548145234e-08,1.008656529927073e-07,-4.439632640470078e-08,1.008656529927165e-07,-4.439644899614618e-08,1.008656529927299e-07,-4.439656769315536e-08
1.012461826344276e-07,-4.077504859789955e-08,1.012461826343844e-07,-4.077502267706313e-08,1.012461826345798e-07,-4.077496063904828e-08,1.012461826633977e-07,-3.796862561955756e-08,1.012461826636451e-07,-3.796861251699346e-08,1.012461826633975e-07,-3.796853411774261e-08,1.012461764866408e-07,-3.463004517856284e-08,1.012461764867297e-07,-3.463001332955655e-08,1.012461764867774e-07,-3.462997672151227e-08
1.019586145760577e-07,-3.965956227962812e-08,1.019586145759867e-07,-3.965958711345241e-08,1.019586145763028e-07,-3.965957484875028e-08,1.019586146191513e-07,-3.712490874672969e-08,1.019586146195851e-07,-3.712494562817237e-08,1.019586146191409e-07,-3.712492456474318e-08,1.019586047011043e-07,-3.484139880914687e-08,1.019586047012165e-07,-3.484141766723596e-08,1.01958604701361e-07,-3.484143087509766e-08
1.03383478459318e-07,-2.826417260396289e-08,1.033834784591915e-07,-2.82643205388457e-08,1.033834784597487e-07,-2.826443522059021e-08,1.033834785306585e-07,-2.643081596166144e-08,1.033834785314651e-07,-2.643097566178862e-08,1.033834785306278e-07,-2.643107940935727e-08,1.033834611300314e-07,-2.480447973609954e-08,1.033834611301902e-07,-2.480462209067755e-08,1.033834611305281e-07,-2.480475513183128e-08
1.054884502450141e-07,-6.657577639942751e-09,1.054884502469839e-07,-6.657850039470468e-09,1.05488450247735e-07,-6.658086890849843e-09,1.054884503406322e-07,-5.751824249808706e-09,1.054884503393215e-07,-5.752082722301253e-09,1.054884503417953e-07,-5.752293177703905e-09,1.054884284682366e-07,-4.946360944595662e-09,1.054884284740541e-07,-4.946592537509686e-09,1.054884284689765e-07,-4.946815163246835e-09
1.080470747760457e-07,1.726185120559616e-08,1.080470747763818e-07,1.72613757251451e-08,1.08047074781985e-07,1.726091874513589e-08,1.080470749061951e-07,1.686308855158365e-08,1.080470749037334e-07,1.686263552962038e-08,1.080470749083628e-07,1.686222452317401e-08,1.080470426179369e-07,1.646964041479678e-08,1.080470426251531e-07,1.646921918433492e-08,1.080470426172086e-07,1.646881201396315e-08
1.126332331274667e-07,5.660761339170831e-08,1.126332330963859e-07,5.660687394841297e-08,1.126332331002482e-07,5.660616209815398e-08,1.126332333459209e-07,5.439011840709613e-08,1.126332333330727e-07,5.438945047304793e-08,1.126332333584735e-07,5.438881011980384e-08,1.126331806414036e-07,5.236487708602797e-08,1.126331806385302e-07,5.236425841305965e-08,1.126331806464876e-07,5.236365069336132e-08
1.196022580367852e-07,1.011024813116966e-07,1.196022580865072e-07,1.011014048522753e-07,1.196022581375751e-07,1.011003203670229e-07,1.196022584117737e-07,9.657429997697238e-08,1.196022585284572e-07,9.657330186315813e-08,1.196022584296429e-07,9.657230944620302e-08,1.196021764781173e-07,9.244063957528178e-08,1.196021764805533e-07,9.243971140867175e-08,1.196021765626355e-07,9.243879724842747e-08
1.298819190125837e-07,1.454157752436298e-07,1.298819190386178e-07,1.454144066749453e-07,1.29881918884418e-07,1.454130362814078e-07,1.298819195355217e-07,1.388177369727166e-07,1.298819192335275e-07,1.388164884311527e-07,1.298819194029289e-07,1.38815223421857e-07,1.29881803518729e-07,1.328236273106703e-07,1.298818035191022e-07,1.328224843644004e-07,1.298818035240311e-07,1.328213125639201e-07
1.399409595062919e-07,1.691813378504454e-07,1.399409595193089e-07,1.691797762662696e-07,1.39940959442209e-07,1.691781981952025e-07,1.399409597677609e-07,1.612980647785804e-07,1.399409596167637e-07,1.612966207975203e-07,1.399409597014644e-07,1.612951802692333e-07,1.399409017593645e-07,1.54125658301789e-07,1.399409017595511e-07,1.541243265153242e-07,1.399409017620156e-07,1.541229971930971e-07
1.5e-07,1.832203376035594e-07,1.5e-07,1.832186892461587e-07,1.5e-07,1.832170362868792e-07,1.5e-07,1.747560863985381e-07,1.5e-07,1.747545915300193e-07,1.5e-07,1.747530901376077e-07,1.5e-07,1.670713315070757e-07,1.5e-07,1.670699638545198e-07,1.5e-07,1.670685593251308e-07
1.50025e-07,1.828410127197373e-07,1.50025e-07,1.82839334506689e-07,1.50025e-07,1.82837652784522e-07,1.50025e-07,1.744326103532074e-07,1.50025e-07,1.744310770122547e-07,1.50025e-07,1.74429543122002e-07,1.50025e-07,1.667960847089895e-07,1.50025e-07,1.667946829666655e-07,1.50025e-07,1.667932478907475e-07
1.500650759496386e-07,-6.813033957230305e-08,1.500650759496386e-07,-6.812595299082209e-08,1.500650759496386e-07,-6.812157211940229e-08,1.500650759496386e-07,-7.649501625258353e-08,1.500650759496386e-07,-7.649057710396322e-08,1.500650759496386e-07,-7.648613873546351e-08,1.500650759494444e-07,-8.400453729439969e-08,1.500650759494444e-07,-8.400006391014114e-08,1.500650759494444e-07,-8.399561941112101e-08
1.50073806962229e-07,4.132834243635996e-07,1.50073806962229e-07,4.132721934627015e-07,1.50073806962229e-07,4.132609586351328e-07,1.500738069622289e-07,4.005194460136772e-07,1.50073806962229e-07,4.005086226031569e-07,1.500738069622289e-07,4.004978000093414e-07,1.500738069620833e-07,3.911400390810621e-07,1.500738069620833e-07,3.911296074536968e-07,1.500738069620833e-07,3.911191485428004e-07
1.500770810919504e-07,1.003306584763971e-06,1.500770810919504e-07,1.003277009855104e-06,1.500770810919504e-07,1.003247431829761e-06,1.500770810919503e-07,9.860157950847651e-07,1.500770810919503e-07,9.859870239648e-07,1.500770810919503e-07,9.859582544392973e-07,1.500770810918229e-07,9.741722478313454e-07,1.500770810918229e-07,9.741442684726027e-07,1.500770810918229e-07,9.741162611223411e-07
1.500836293513931e-07,2.639343496406548e-06,1.500836293513931e-07,2.639266600626663e-06,1.500836293513931e-07,2.63918970483452e-06,1.500836293513931e-07,2.613173615254892e-06,1.500836293513931e-07,2.613098404512763e-06,1.500836293513931e-07,2.613023197234258e-06,1.500836293513021e-07,2.592333855533848e-06,1.500836293513021e-07,2.592260328077416e-06,1.500836293513021e-07,2.592186773320638e-06
1.500907646886948e-07,-2.863165674869395e-07,1.500907646886948e-07,-2.862972124316579e-07,1.500907646886948e-07,-2.862778631740497e-07,1.500907646886882e-07,-2.695775447880795e-07,1.500907646886882e-07,-2.695592276412714e-07,1.500907646886882e-07,-2.69540912210175e-07,1.500907646884977e-07,-2.83056217407849e-07,1.500907646884977e-07,-2.830388551923054e-07,1.500907646884977e-07,-2.830215269321324e-07
1.500953823443474e-07,-8.279482029803019e-06,1.500953823443474e-07,-8.279221777865852e-06,1.500953823443474e-07,-8.278961546802812e-06,1.500953823443441e-07,-8.176960517881096e-06,1.500953823443441e-07,-8.176707106507e-06,1.500953823443441e-07,-8.176453709732845e-06,1.500953823442489e-07,-8.141407071895918e-06,1.500953823442489e-07,-8.141160301235546e-06,1.500953823442489e-07,-8.140913578706658e-06
1.501e-07,-2.10855069237356e-05,1.501e-07,-2.108488324998563e-05,1.501e-07,-2.108425961824721e-05,1.501e-07,-2.086276529114342e-05,1.501e-07,-2.086215648374468e-05,1.501e-07,-2.086154770862169e-05,1.501e-07,-2.073397401577564e-05,1.501e-07,-2.073337973030016e-05,1.501e-07,-2.07327855127143e-05
1.501030922682095e-07,-2.993110735300606e-05,1.501030922682095e-07,-2.993026130952945e-05,1.501030922682095e-07,-2.992941532020951e-05,1.501030922682009e-07,-2.964219464496077e-05,1.501030922682009e-07,-2.964136755814059e-05,1.501030922682009e-07,-2.964054051515218e-05,1.501030922681715e-07,-2.944508787240989e-05,1.501030922681714e-07,-2.944427936207121e-05,1.501030922681715e-07,-2.944347093040338e-05
1.501077008418359e-07,-4.123435900135805e-05,1.501077008418359e-07,-4.123325676651932e-05,1.501077008418359e-07,-4.123215459638086e-05,1.50107700841826e-07,-4.087438132239396e-05,1.501077008418261e-07,-4.087330198296328e-05,1.50107700841826e-07,-4.087222269837633e-05,1.501077008418075e-07,-4.059374861757152e-05,1.501077008418074e-07,-4.059269181962876e-05,1.501077008418075e-07,-4.059163511220577e-05
1.501123082840762e-07,-4.700040829629336e-05,1.501123082840762e-07,-4.69992467373418e-05,1.501123082840762e-07,-4.699808524191269e-05,1.501123082840644e-07,-4.66358720883122e-05,1.501123082840645e-07,-4.663473228529768e-05,1.501123082840644e-07,-4.663359253646976e-05,1.501123082840462e-07,-4.631458032111017e-05,1.501123082840462e-07,-4.63134620695344e-05,1.501123082840462e-07,-4.631234390700156e-05
1.501184370555688e-07,-4.393185412925252e-05,1.501184370555687e-07,-4.39309429497003e-05,1.501184370555686e-07,-4.393003180945304e-05,1.501184370555173e-07,-4.36623648776067e-05,1.501184370555173e-07,-4.366146685007668e-05,1.501184370555172e-07,-4.366056885698087e-05,1.501184370554288e-07,-4.338310147349241e-05,1.501184370554288e-07,-4.338221665722202e-05,1.501184370554287e-07,-4.338133190867178e-05
1.501249398383606e-07,-3.113588986890184e-05,1.501249398383605e-07,-3.113548349824434e-05,1.501249398383603e-07,-3.113507713520871e-05,1.501249398382879e-07,-3.102736346915753e-05,1.501249398382878e-07,-3.102695780943504e-05,1.501249398382878e-07,-3.102655215137298e-05,1.501249398381555e-07,-3.087304471368373e-05,1.501249398381555e-07,-3.087263991896287e-05,1.501249398381553e-07,-3.087223515833044e-05
1.501310597922907e-07,-1.789047588656861e-05,1.501310597922906e-07,-1.789050298390659e-05,1.501310597922904e-07,-1.789053006460601e-05,1.501310597921794e-07,-1.789803933446422e-05,1.501310597921792e-07,-1.789805912392675e-05,1.501310597921792e-07,-1.789807889096574e-05,1.501310597919661e-07,-1.787024622971383e-05,1.501310597919661e-07,-1.787025863820218e-05,1.501310597919658e-07,-1.787027105886072e-05
1.501382400745075e-07,-6.416292196548803e-06,1.501382400745073e-07,-6.416624780974282e-06,1.50138240074507e-07,-6.416957336675289e-06,1.501382400743695e-07,-6.47514151068295e-06,1.501382400743693e-07,-6.475464122841048e-06,1.501382400743693e-07,-6.475786699213354e-06,1.501382400740891e-07,-6.511784808768884e-06,1.501382400740891e-07,-6.512096961305951e-06,1.501382400740887e-07,-6.512409114544738e-06
1.501461441604849e-07,1.647771274481812e-06,1.501461441604847e-07,1.647292282055795e-06,1.501461441604843e-07,1.64681331793778e-06,1.501461441602992e-07,1.601864985385444e-06,1.50146144160299e-07,1.60139415819846e-06,1.50146144160299e-07,1.600923368656401e-06,1.501461441599313e-07,1.557346892129792e-06,1.501461441599312e-07,1.556885133016147e-06,1.501461441599309e-07,1.556423374227057e-06
1.501550161538244e-07,7.560971566641811e-06,1.501550161538242e-07,7.560442839765123e-06,1.501550161538237e-07,7.559914138064289e-06,1.501550161535702e-07,7.56125297914594e-06,1.501550161535699e-07,7.560728959264543e-06,1.501550161535697e-07,7.560204969479309e-06,1.501550161530655e-07,7.556794000368633e-06,1.501550161530654e-07,7.556275827629154e-06,1.50155016153065e-07,7.555757650429694e-06
1.501662981972031e-07,1.348561807345249e-05,1.501662981972028e-07,1.348507188106133e-05,1.501662981972024e-07,1.348452570730231e-05,1.501662981969116e-07,1.353935272738689e-05,1.501662981969114e-07,1.35388082688659e-05,1.50166298196911e-07,1.353826383386548e-05,1.50166298196234e-07,1.358082522491484e-05,1.501662981962337e-07,1.358028363168443e-05,1.501662981962335e-07,1.357974203091973e-05
1.501828811226334e-07,2.025284449456394e-05,1.50182881122633e-07,2.025230781941938e-05,1.501828811226329e-07,2.025177115726317e-05,1.501828811223243e-07,2.035366329299537e-05,1.501828811223242e-07,2.035312696020498e-05,1.501828811223235e-07,2.035259064429506e-05,1.5018288112136e-07,2.044596513615835e-05,1.501828811213595e-07,2.044542982093786e-05,1.501828811213594e-07,2.044489449133211e-05
1.502085123064761e-07,2.367678567412731e-05,1.502085123064754e-07,2.367638776312993e-05,1.502085123064751e-07,2.367598984971221e-05,1.502085123060137e-07,2.379679531621508e-05,1.50208512306014e-07,2.37963982297036e-05,1.502085123060124e-07,2.379600115039878e-05,1.502085123045848e-07,2.390758658161315e-05,1.502085123045837e-07,2.390719022182668e-05,1.502085123045839e-07,2.390679383159153e-05
1.502436140661494e-07,1.593986337416599e-05,1.502436140661487e-07,1.593980006277974e-05,1.502436140661484e-07,1.593973674103113e-05,1.502436140655375e-07,1.600455024530508e-05,1.502436140655377e-07,1.600448934342676e-05,1.502436140655357e-07,1.600442843073959e-05,1.502436140633787e-07,1.607355446313227e-05,1.502436140633777e-07,1.607349496065518e-05,1.502436140633773e-07,1.607343541615179e-05
1.502734155323743e-07,5.796578018098109e-06,1.502734155323735e-07,5.796718589815399e-06,1.502734155323733e-07,5.796859142087372e-06,1.502734155311913e-07,5.757410833762161e-06,1.502734155311915e-07,5.757555776214806e-06,1.502734155311894e-07,5.757700703650586e-06,1.502734155283215e-07,5.730612579733835e-06,1.502734155283203e-07,5.730760794029897e-06,1.5027341552832e-07,5.730908964044964e-06
1.503072709153976e-07,-1.301346114860869e-06,1.503072709153969e-07,-1.301174205471541e-06,1.503072709153967e-07,-1.301002308709493e-06,1.503072709143233e-07,-1.454844854104653e-06,1.503072709143236e-07,-1.454667256266649e-06,1.503072709143213e-07,-1.4544896681131e-06,1.503072709110257e-07,-1.584791014368656e-06,1.503072709110245e-07,-1.584608558131966e-06,1.503072709110242e-07,-1.58442614367663e-06
1.503507853894244e-07,-3.658475555041548e-06,1.503507853894239e-07,-3.658387406339447e-06,1.503507853894244e-07,-3.658299270303291e-06,1.503507853896248e-07,-3.862523480812434e-06,1.50350785389626e-07,-3.862431401254701e-06,1.503507853896234e-07,-3.862339321366305e-06,1.503507853865198e-07,-4.04992293577522e-06,1.503507853865186e-07,-4.049827156655601e-06,1.50350785386519e-07,-4.049731411494329e-06
1.504079133242774e-07,-2.520155325212151e-06,1.504079133242767e-07,-2.520146586965169e-06,1.504079133242772e-07,-2.520137846711982e-06,1.504079133246295e-07,-2.667308979585876e-06,1.504079133246302e-07,-2.667300007790086e-06,1.504079133246258e-07,-2.667291030338668e-06,1.504079133211537e-07,-2.804297213162997e-06,1.504079133211516e-07,-2.804287877851539e-06,1.504079133211508e-07,-2.804278574970508e-06
1.504704506623994e-07,-9.41723734393743e-07,1.504704506623996e-07,-9.417338469847128e-07,1.504704506624008e-07,-9.417439703251921e-07,1.504704506652482e-07,-1.003664967435838e-06,1.504704506652503e-07,-1.003676232982739e-06,1.504704506652464e-07,-1.003687498239362e-06,1.504704506631817e-07,-1.065791111493185e-06,1.5047045066318e-07,-1.065803447727841e-06,1.504704506631817e-07,-1.065815816060628e-06
1.505460909412522e-07,-2.577568733266382e-07,1.505460909412526e-07,-2.577596844212572e-07,1.505460909412558e-07,-2.577625024434586e-07,1.505460909451009e-07,-2.700384919751104e-07,1.505460909451042e-07,-2.700419434839571e-07,1.505460909451012e-07,-2.700453964458153e-07,1.505460909426982e-07,-2.801318828148195e-07,1.505460909426966e-07,-2.801359891943632e-07,1.505460909426979e-07,-2.801401333179843e-07
1.506470803489692e-07,-5.923744362002365e-09,1.506470803489679e-07,-5.924956314037592e-09,1.506470803489693e-07,-5.92617581977754e-09,1.506470803522129e-07,-6.007794748939362e-09,1.506470803522175e-07,-6.008977203575773e-09,1.506470803522111e-07,-6.010159252904166e-09,1.506470803464597e-07,-7.656196676969559e-09,1.506470803464594e-07,-7.657367469233894e-09,1.506470803464618e-07,-7.658564843678256e-09
1.508041077730904e-07,-3.411526339470815e-08,1.508041077730966e-07,-3.411477145136117e-08,1.508041077731022e-07,-3.411428429060981e-08,1.508041077710592e-07,-3.343208808929279e-08,1.508041077710612e-07,-3.34315674304772e-08,1.508041077710289e-07,-3.343105727860478e-08,1.508041077538442e-07,-3.098784046747122e-08,1.508041077538263e-07,-3.09872934700258e-08,1.508041077538323e-07,-3.098678041389895e-08
1.510746821555175e-07,1.010860921157649e-08,1.510746821555016e-07,1.010752624012975e-08,1.510746821555015e-07,1.010643400316433e-08,1.51074682160616e-07,1.063019732701905e-08,1.510746821606278e-07,1.062915777234387e-08,1.510746821606781e-07,1.062812079676118e-08,1.510746821344071e-07,9.236296126041195e-09,1.510746821344386e-07,9.23529797524337e-09,1.510746821343854e-07,9.234271829653226e-09
1.516158309203718e-07,-2.596843420604996e-08,1.516158309203115e-07,-2.596805132502928e-08,1.516158309203001e-07,-2.596766878380102e-08,1.516158309397294e-07,-2.512103681003677e-08,1.51615830939761e-07,-2.512062718860071e-08,1.516158309399765e-07,-2.51202278675273e-08,1.516158308955329e-07,-2.25370520280977e-08,1.516158308956631e-07,-2.253663085196479e-08,1.516158308954917e-07,-2.253623924294108e-08
1.5245372717485e-07,2.143127802649739e-08,1.52453727175056e-07,2.14301419631134e-08,1.524537271747535e-07,2.142898602874801e-08,1.524537272043287e-07,2.136111981763735e-08,1.524537272040485e-07,2.136003425106241e-08,1.524537272042558e-07,2.135894891441273e-08,1.524537271406701e-07,1.944640536709137e-08,1.524537271407781e-07,1.944537632201079e-08,1.52453727140599e-07,1.94443198702917e-08
1.536829345525606e-07,-2.787783691681922e-09,1.536829345529102e-07,-2.787592817372223e-09,1.536829345523405e-07,-2.787403974415297e-09,1.536829345898081e-07,-3.045096232635828e-09,1.536829345893724e-07,-3.044860258987874e-09,1.536829345899347e-07,-3.044638451676847e-09,1.536829344832244e-07,-1.470049085829867e-09,1.536829344835749e-07,-1.469797173026521e-09,1.536829344831286e-07,-1.46956747207006e-09
1.5545207719248e-07,5.686358991439891e-08,1.554520771917147e-07,5.686219843740677e-08,1.554520771927121e-07,5.686079434234649e-08,1.554520772439356e-07,5.503287779495711e-08,1.554520772440033e-07,5.503156704853943e-08,1.554520772448361e-07,5.503026012800704e-08,1.5545207708467e-07,5.152967078566131e-08,1.554520770850156e-07,5.152843506611601e-08,1.554520770846819e-07,5.152718486800186e-08
1.582574106269622e-07,5.139305848145182e-08,1.582574106295124e-07,5.139284864584812e-08,1.582574106250245e-07,5.139262681380436e-08,1.582574107143272e-07,4.847921087582366e-08,1.582574107145491e-07,4.847908714710058e-08,1.582574107119952e-07,4.847893369777285e-08,1.582574104454702e-07,4.76440863069101e-08,1.582574104463112e-07,4.764399369903103e-08,1.582574104445045e-07,4.764389647950223e-08
1.627153314641294e-07,1.336008277377047e-07,1.627153314624348e-07,1.335988654323188e-07,1.62715331469289e-07,1.335968964877185e-07,1.627153316060038e-07,1.279812420238196e-07,1.627153316048566e-07,1.279794335275264e-07,1.62715331606577e-07,1.279776187400451e-07,1.627153311894014e-07,1.210480644428016e-07,1.627153311897312e-07,1.210463680580508e-07,1.627153311874687e-07,1.21044668917376e-07
1.693670845086217e-07,1.476126047359308e-07,1.69367084525826e-07,1.476116654656312e-07,1.693670845045543e-07,1.476107320618976e-07,1.693670847420946e-07,1.399597895527516e-07,1.693670847244296e-07,1.399590137991625e-07,1.693670847482199e-07,1.399581987839136e-07,1.693670840394557e-07,1.348300751235219e-07,1.693670840407122e-07,1.348293830618155e-07,1.693670840433239e-07,1.348287090841238e-07
1.79467389785989e-07,2.379199483953125e-07,1.794673897941847e-07,2.379172152041953e-07,1.794673895748703e-07,2.379144887208162e-07,1.794673899365297e-07,2.271548201852514e-07,1.794673899942574e-07,2.271522985539426e-07,1.794673897800284e-07,2.27149766015658e-07,1.794673890650277e-07,2.155611584254624e-07,1.794673892562457e-07,2.155588246171538e-07,1.794673890250632e-07,2.155565099300759e-07
1.897336948929945e-07,2.315193407658682e-07,1.897336948970924e-07,2.315177813414804e-07,1.897336947874352e-07,2.315162325367879e-07,1.897336949682649e-07,2.197316377935073e-07,1.897336949971287e-07,2.197302977528183e-07,1.897336948900142e-07,2.197289088673694e-07,1.897336945325139e-07,2.10855290723527e-07,1.897336946281228e-07,2.108541020798605e-07,1.897336945125316e-07,2.108529074322956e-07
2e-07,2.861069101540894e-07,2e-07,2.861038392755174e-07,2e-07,2.861007378716065e-07,2e-07,2.72963052458354e-07,2e-07,2.729602262649431e-07,2e-07,2.729573653302034e-07,2e-07,2.592152641276241e-07,2e-07,2.592126279653528e-07,2e-07,2.592100078190266e-07
2.00025e-07,0.07928045322840239,2.00025e-07,0.07927840585079772,2.00025e-07,0.07927635857378761,2.00025e-07,0.07951502544994087,2.00025e-07,0.07951300858391755,2.00025e-07,0.07951099181526927,2.00025e-07,0.07965824827610452,2.00025e-07,0.07965626260885542,2.00025e-07,0.07965427703599966
2.00035018987218e-07,0.1142632316913414,2.00035018987218e-07,0.1142602988814646,2.00035018987218e-07,0.1142573662151726,2.00035018987218e-07,0.1146183779658386,2.00035018987218e-07,0.1146154886135601,2.00035018987218e-07,0.1146125994002954,2.000350189871694e-07,0.1148378063579619,2.000350189871694e-07,0.114834957736232,2.000350189871694e-07,0.1148321092496746
2.000550569616539e-07,0.2001284117791172,2.000550569616539e-07,0.2001234411630339,2.000550569616539e-07,0.2001184707857659,2.000550569616539e-07,0.2009213982425405,2.000550569616539e-07,0.2009164952663099,2.000550569616539e-07,0.2009115925212123,2.000550569615083e-07,0.2014472929747272,2.000550569615083e-07,0.2014424281723271,2.000550569615083e-07,0.2014375635972004
2.000714391579026e-07,0.283514924176721,2.000714391579014e-07,0.2835081489039282,2.000714391579003e-07,0.2835013739440604,2.000714391561945e-07,0.2849200949282242,2.000714391561935e-07,0.2849134053801507,2.000714391561924e-07,0.2849067161351351,2.000714391543518e-07,0.2859295827633476,2.000714391543504e-07,0.2859229366709,2.00071439154349e-07,0.2859162908767732
2.000834535316214e-07,0.3510304264444796,2.000834535316196e-07,0.3510223154737471,2.000834535316183e-07,0.3510142048644617,2.000834535293779e-07,0.3530672314905436,2.000834535293763e-07,0.3530592210612267,2.000834535293752e-07,0.3530512109825003,2.00083453526962e-07,0.3546092279080694,2.000834535269601e-07,0.3546012788353463,2.00083453526958e-07,0.3545933301014519
2.000917267658107e-07,0.4002395772528962,2.000917267658098e-07,0.4002305418974105,2.000917267658092e-07,0.4002215069317521,2.000917267646889e-07,0.4027887589158403,2.000917267646881e-07,0.4027798342835193,2.000917267646876e-07,0.4027709100287248,2.00091726763481e-07,0.4047641739041811,2.000917267634801e-07,0.4047553143415105,2.00091726763479e-07,0.4047464551462494
2.000958633829053e-07,0.4256898714136796,2.000958633829049e-07,0.4256803557572971,2.000958633829046e-07,0.4256708405061336,2.000958633823445e-07,0.4285012166538307,2.000958633823441e-07,0.4284918156741573,2.000958633823438e-07,0.4284824150866308,2.000958633817405e-07,0.4307003603133508,2.0009586338174e-07,0.43069103039281,2.000958633817395e-07,0.430681700855397
2.001e-07,0.4517754897678909,2.001e-07,0.4517654685696489,2.001e-07,0.4517554477941904,2.001e-07,0.4548438803771817,2.001e-07,0.4548339822106729,2.001e-07,0.4548240844531678,2.001e-07,0.4572672864309759,2.001e-07,0.4572574730435363,2.001e-07,0.4572476600557813
2.00102738381045e-07,0.467931802603882,2.001027383810602e-07,0.4679214856578287,2.001027383810757e-07,0.4679111687646044,2.001027383846495e-07,0.4711739564021693,2.001027383846647e-07,0.4711637670229039,2.0010273838468e-07,0.4711535780629471,2.001027383883354e-07,0.4737495874970356,2.001027383883504e-07,0.4737394916040188,2.001027383883654e-07,0.4737293961235313
2.001070099289007e-07,0.4921623284109438,2.001070099288496e-07,0.4921515774136211,2.001070099287986e-07,0.4921408265102556,2.001070098144652e-07,0.4956763104624288,2.001070098144858e-07,0.4956656873227894,2.001070098145067e-07,0.4956550646165469,2.001070097086148e-07,0.4984840567561308,2.001070097085351e-07,0.4984735352735866,2.001070097084555e-07,0.4984630142168417
2.001108565910639e-07,0.5123906232502451,2.001108565910088e-07,0.5123795201687398,2.001108565909541e-07,0.5123684172288029,2.001108564654712e-07,0.5161487541153288,2.001108564654935e-07,0.5161377854921552,2.001108564655159e-07,0.5161268173117253,2.001108563493648e-07,0.5191685382514528,2.001108563492788e-07,0.5191576766551382,2.00110856349193e-07,0.5191468154943462
2.001152334656707e-07,0.5337913683597963,2.001152334655794e-07,0.533779917355267,2.001152334654885e-07,0.5337684665205745,2.001152332791651e-07,0.5378266327957577,2.001152332791928e-07,0.5378153207974885,2.001152332792205e-07,0.5378040092500985,2.001152331074529e-07,0.5410938431555705,2.0011523310732e-07,0.5410826474498157,2.001152331071874e-07,0.5410714521875076
2.001188780596678e-07,0.5504242285603403,2.001188780595894e-07,0.5504125322141433,2.001188780595115e-07,0.5504008360708915,2.001188779272701e-07,0.5546952837898456,2.00118877927283e-07,0.5546837211795044,2.001188779272954e-07,0.5546721590231719,2.001188778054762e-07,0.5581719831543372,2.00118877805369e-07,0.5581605430462175,2.001188778052619e-07,0.5581491033846557
2.00122086158992e-07,0.5642079357816372,2.001220861589065e-07,0.5641960611277702,2.001220861588216e-07,0.564184186687035,2.001220860007915e-07,0.5687011320714678,2.001220860008082e-07,0.5686893911567248,2.001220860008244e-07,0.5686776506969304,2.001220858665645e-07,0.5723776409878557,2.001220858664487e-07,0.5723660256507447,2.00122085866333e-07,0.5723544107610147
2.001270000461993e-07,0.5838667182001592,2.001270000460246e-07,0.583854633680177,2.001270000458519e-07,0.5838425494082122,2.00126999859264e-07,0.5887153011427327,2.001269998593493e-07,0.5887033350781711,2.00126999859433e-07,0.5886913694626327,2.001269995216179e-07,0.5927060313349214,2.00126999521349e-07,0.5926941918306993,2.00126999521082e-07,0.5926823527784449
2.001309786211988e-07,0.5985270940285339,2.001309786210135e-07,0.5985148956399248,2.001309786208305e-07,0.5985026975810507,2.001309783924092e-07,0.6036845875200871,2.001309783925241e-07,0.603672500672082,2.001309783926377e-07,0.6036604142686887,2.001309780092765e-07,0.6079543053522304,2.001309780089916e-07,0.6079423450062675,2.001309780087089e-07,0.6079303851072133
2.001363980670549e-07,0.6168024716443615,2.001363980668175e-07,0.6167902099127426,2.00136398066583e-07,0.6167779485368584,2.001363977247169e-07,0.6224122556049153,2.001363977248834e-07,0.6224000634251856,2.00136397725048e-07,0.6223878716769438,2.001363972354258e-07,0.6270777164129261,2.001363972350564e-07,0.6270656452806637,2.001363972346902e-07,0.6270535745867865
2.001441774806955e-07,0.6397510279598138,2.001441774804034e-07,0.6397387788889384,2.001441774801169e-07,0.6397265301630372,2.001441769202694e-07,0.6460532184631625,2.001441769205091e-07,0.6460410297697661,2.00144176920746e-07,0.6460288414991167,2.001441762815094e-07,0.6513438676539604,2.001441762810597e-07,0.6513317781076465,2.001441762806147e-07,0.6513196889784797
2.001543618362337e-07,0.6645731581615894,2.001543618358735e-07,0.6645611270796558,2.001543618355215e-07,0.6645490963406677,2.001543611448122e-07,0.6718124663198833,2.001543611451123e-07,0.6718004509579578,2.001543611454085e-07,0.6717884359723686,2.001543603587091e-07,0.6779511168707782,2.001543603581635e-07,0.6779391898263519,2.001543603576237e-07,0.6779272631599705
2.00167611543239e-07,0.6893420019498486,2.001676115427345e-07,0.6893304079142161,2.001676115422389e-07,0.6893188141743292,2.001676106227219e-07,0.6977552567606669,2.001676106230996e-07,0.6977436680164474,2.001676106234724e-07,0.6977320795893609,2.001676095377192e-07,0.7050004285013199,2.001676095369463e-07,0.7049889211002558,2.001676095361818e-07,0.7049774140228759
2.001860785731236e-07,0.7129969973307188,2.001860785724092e-07,0.7129861099902792,2.001860785717106e-07,0.7129752229227911,2.00186077243006e-07,0.7228424883347723,2.001860772436327e-07,0.7228316292644951,2.001860772442521e-07,0.7228207704430272,2.001860756611886e-07,0.7314697862322728,2.001860756600825e-07,0.7314590016802872,2.001860756589889e-07,0.7314482173849656
2.002027350554559e-07,0.7264566814414705,2.002027350548739e-07,0.7264464027595994,2.002027350543063e-07,0.7264361243015982,2.002027334231856e-07,0.7373275397284449,2.002027334245163e-07,0.7373173202674438,2.002027334258422e-07,0.7373071010152317,2.002027319202621e-07,0.7469632243742041,2.002027319194792e-07,0.7469530890832314,2.002027319187084e-07,0.7469429540005229
2.002197817849633e-07,0.7351709066408645,2.002197817845819e-07,0.7351611539967913,2.002197817842167e-07,0.7351514015713373,2.002197802575293e-07,0.7468317394075623,2.00219780258787e-07,0.7468220804846515,2.002197802600402e-07,0.746812421657798,2.002197787625202e-07,0.7572563994994531,2.002197787617311e-07,0.7572468448934371,2.002197787609544e-07,0.7572372904639443
2.002385460220155e-07,0.7410017007617236,2.002385460214811e-07,0.7409923941525786,2.002385460209646e-07,0.7409830877342424,2.002385439408383e-07,0.7532725651264172,2.002385439424588e-07,0.7532633854769535,2.002385439440729e-07,0.753254205870814,2.002385418905858e-07,0.764317805817576,2.00238541889389e-07,0.7643087551857927,2.002385418882067e-07,0.7642997047126958
2.00263880585746e-07,0.7452628944286028,2.002638805882905e-07,0.7452539965609601,2.002638805908319e-07,0.7452450988565711,2.002638778052207e-07,0.7580438092110854,2.002638778080108e-07,0.7580350785183049,2.002638778108084e-07,0.75802634792039,2.002638755468687e-07,0.7696191272600925,2.002638755493498e-07,0.7696105583869978,2.002638755518301e-07,0.7696019896612157
2.002855867105784e-07,0.7470231043455624,2.002855867128202e-07,0.7470144230746257,2.00285586715064e-07,0.7470057419692462,2.002855835474359e-07,0.7600443448104908,2.002855835506332e-07,0.7600358544235462,2.002855835538383e-07,0.7600273641580374,2.002855811168684e-07,0.7718735643636726,2.002855811193724e-07,0.7718652585560257,2.002855811218768e-07,0.7718569528978492
2.003130372946603e-07,0.7480840645765811,2.003130372973955e-07,0.7480755441841366,2.003130373001318e-07,0.7480670239862713,2.00313033182318e-07,0.7612616289839232,2.003130331860708e-07,0.7612533231273007,2.00313033189832e-07,0.7612450174171689,2.003130299443271e-07,0.7732606725917314,2.003130299472296e-07,0.7732525718991629,2.003130299501338e-07,0.7732444713611496
2.003480300463915e-07,0.7485755412787908,2.003480300488058e-07,0.7485671227292219,2.003480300512302e-07,0.7485587043686763,2.003480243755425e-07,0.7618265566449408,2.003480243802801e-07,0.761818368519842,2.003480243850275e-07,0.7618101805588643,2.003480196890496e-07,0.7739072054664583,2.003480196917108e-07,0.7738992388721713,2.003480196943804e-07,0.7738912724395781
2.004012148074689e-07,0.7487171999701209,2.004012148131206e-07,0.7487088352591931,2.004012148187691e-07,0.7487004707566673,2.004012068752928e-07,0.7619798833590609,2.004012068821414e-07,0.7619717615375374,2.004012068889993e-07,0.7619636398953876,2.004012001058518e-07,0.7740750168442645,2.004012001106973e-07,0.7740671280249845,2.004012001155493e-07,0.7740592393742153
2.00479385870461e-07,0.7486802411682608,2.004793858774397e-07,0.7486718887195852,2.004793858844233e-07,0.7486635364667287,2.004793713506311e-07,0.7619195741155877,2.004793713624241e-07,0.7619114668023831,2.004793713742589e-07,0.7619033596741817,2.004793605524962e-07,0.773986525604817,2.004793605612814e-07,0.7739786550809895,2.004793605700746e-07,0.7739707847296803
2.006157701695179e-07,0.7486502406954071,2.006157701891485e-07,0.7486418854645597,2.006157702087375e-07,0.7486335304422512,2.006157502157164e-07,0.7618722355139372,2.006157502336505e-07,0.7618641261763607,2.006157502515994e-07,0.7618560170260125,2.006157248651936e-07,0.7739163178255105,2.00615724879114e-07,0.7739084447741664,2.006157248930536e-07,0.7739005718959793
2.008520979100034e-07,0.7486564685114134,2.008520941087845e-07,0.7486481136964023,2.008520903071467e-07,0.7486397590767202,2.008405598413274e-07,0.7618792355546009,2.00840556362606e-07,0.7618711250255628,2.008405528839837e-07,0.7618630146823032,2.008310503941772e-07,0.7739229647998449,2.00831047857236e-07,0.7739150901051695,2.008310453202969e-07,0.7739072155833723
2.012481583353219e-07,0.7486529099600612,2.012481542956735e-07,0.7486445547919482,2.012481502559875e-07,0.7486361998322286,2.012297960026746e-07,0.7618759587657821,2.012297859948854e-07,0.7618678493843865,2.012297759872934e-07,0.7618597401901015,2.011939002654585e-07,0.7739208531445328,2.011938923536354e-07,0.7739129797781076,2.011938844418521e-07,0.7739051065843916
2.018045284472226e-07,0.7486544416766647,2.01804521782166e-07,0.7486460869059208,2.018045151164597e-07,0.7486377323306406,2.017773565301307e-07,0.7618772497688463,2.017773432982445e-07,0.7618691393354572,2.017773300666068e-07,0.7618610290879175,2.017404013526081e-07,0.7739211651984195,2.017403912714502e-07,0.7739132906748412,2.017403811899048e-07,0.7739054163239237
2.026718139126966e-07,0.7486517701086653,2.026718069313377e-07,0.7486434149361337,2.026717999499779e-07,0.7486350599724375,2.026399967521676e-07,0.7618748829960664,2.026399793831889e-07,0.761866773586437,2.026399620140474e-07,0.7618586643649862,2.02571550410026e-07,0.7739198119853078,2.025715362717036e-07,0.7739119385574419,2.025715221334493e-07,0.7739040653015584
2.03944654798649e-07,0.7486521206012563,2.039446413824623e-07,0.7486437658634348,2.039446279648341e-07,0.7486354113226393,2.038915594597657e-07,0.7618750635665313,2.038915343369263e-07,0.7618669531800072,2.038915092144542e-07,0.7618588429802,2.038059558559934e-07,0.773919181949805,2.038059361228959e-07,0.7739113074865891,2.038059163896069e-07,0.773903433193103
2.059589611906668e-07,0.7486490858791081,2.05958941342163e-07,0.7486407307301074,2.059589214931772e-07,0.7486323757923421,2.05875297366823e-07,0.7618723431240755,2.058752549276154e-07,0.7618642337328551,2.058752124913786e-07,0.7618561245310539,2.057235785814218e-07,0.7739174544223675,2.05723545213689e-07,0.7739095810002932,2.057235118459625e-07,0.7739017077469963
2.089724482368373e-07,0.7486486579341375,2.08972416697734e-07,0.7486403032374725,2.089723851558256e-07,0.7486319487337187,2.088428046518629e-07,0.7618717912665396,2.088427406528011e-07,0.7618636809273449,2.088426766550623e-07,0.761855570773399,2.086314335167829e-07,0.7739161882536817,2.086313837533665e-07,0.7739083138323278,2.086313339912112e-07,0.7739004395819654
2.124251901236304e-07,0.7486457448890346,2.124251526818598e-07,0.7486373897683628,2.124251152300969e-07,0.7486290348573004,2.123353682373069e-07,0.7618691345322203,2.123352943304101e-07,0.7618610251667916,2.123352204357771e-07,0.761852915988804,2.120907981293506e-07,0.7739144903675074,2.120907414731965e-07,0.7739066169580645,2.120906848007589e-07,0.7738987437182663
2.170712272645897e-07,0.7486453990056843,2.170711712548192e-07,0.7486370443422126,2.17071115234536e-07,0.7486286898753132,2.169673714361947e-07,0.7618686539077553,2.169672605045206e-07,0.7618605436056549,2.169671495806641e-07,0.7618524334876503,2.16604167569969e-07,0.773913347471993,2.166040830517467e-07,0.7739054730785252,2.166039985438117e-07,0.7738975988574545
2.256944960142706e-07,0.7486417779864187,2.256944209138064e-07,0.7486334229104764,2.256943459360581e-07,0.7486250680387828,2.255386817366638e-07,0.7618653441281471,2.255385321665166e-07,0.7618572348011251,2.255383824793514e-07,0.7618491256553669,2.247047298516324e-07,0.7739111784350162,2.247045432624246e-07,0.773903305067742,2.247043566152698e-07,0.7738954318609451
2.376727076389229e-07,0.7486407690482682,2.376725917692989e-07,0.7486324144370601,2.376724759823079e-07,0.7486240600252591,2.374041518161162e-07,0.7618642434023186,2.374039296450237e-07,0.7618561331488908,2.374037073464308e-07,0.7618480230718088,2.363207548425163e-07,0.7739095438102858,2.363205105587047e-07,0.7739016694660372,2.363202662550781e-07,0.7738937952870946
2.5e-07,0.7486377957625054,2.5e-07,0.7486294407159231,2.5e-07,0.7486210858765777,2.5e-07,0.7618615029710634,2.5e-07,0.7618533936584788,2.5e-07,0.761845284523433,2.5e-07,0.7739077699800877,2.5e-07,0.773899896603536,2.5e-07,0.7738920233853587
2.501e-07,0.6129205254664781,2.501e-07,0.6129147769626672,2.501e-07,0.6129090285653457,2.501e-07,0.6258229150166691,2.501e-07,0.6258173607037917,2.501e-07,0.6258118064764225,2.501e-07,0.6375993127991325,2.501e-07,0.6375939287835425,2.501e-07,0.6375885448400376
2.501135743559088e-07,0.5982986999257838,2.501135743559088e-07,0.5982931609424968,2.501135743559088e-07,0.5982876220621745,2.501135743559196e-07,0.6111039223691734,2.501135743559196e-07,0.6110985802112675,2.501135743559196e-07,0.6110932381350989,2.501135743558327e-07,0.6228197171751844,2.501135743558328e-07,0.6228145393500388,2.501135743558328e-07,0.6228093615935058
2.501401664823477e-07,0.5750828490154704,2.501401664830962e-07,0.5750775099495289,2.501401664838441e-07,0.5750721709923691,2.501401681806743e-07,0.5875398296886433,2.501401681820496e-07,0.5875346918534395,2.501401681834258e-07,0.5875295541042059,2.501401743630224e-07,0.5989692961049875,2.501401743643075e-07,0.5989643300661569,2.501401743655926e-07,0.5989593641000035
2.501655702927838e-07,0.5617836323715955,2.501655702935775e-07,0.5617781908925368,2.501655702943706e-07,0.5617727495404188,2.501655720937797e-07,0.5736985781765463,2.501655720952382e-07,0.573693343154715,2.501655720966975e-07,0.5736881082372655,2.501655786496398e-07,0.584640167749657,2.501655786510027e-07,0.5846351263017856,2.501655786523654e-07,0.5846300849432569
2.502076971538881e-07,0.5515352791575088,2.502076971486448e-07,0.5515295125880557,2.502076971434106e-07,0.5515237461670596,2.50207721653139e-07,0.5625701364506311,2.502077217603799e-07,0.5625645596686197,2.502077218676282e-07,0.5625589830125163,2.502081062229106e-07,0.5726314079699493,2.502081063417494e-07,0.5726260307857564,2.50208106460593e-07,0.572620653712255
2.50252933048474e-07,0.5488594232102257,2.50252933863953e-07,0.5488533759002349,2.502529346794593e-07,0.5488473287398857,2.502553203005234e-07,0.5592497010968532,2.502553213959182e-07,0.5592438291867765,2.502553224913509e-07,0.5592379574037899,2.50258480731406e-07,0.5686913862460536,2.502584818748701e-07,0.5686856859087878,2.502584830183683e-07,0.5686799856839877
2.503012401180849e-07,0.5487912576163172,2.503012412619651e-07,0.5487851381024114,2.503012424058785e-07,0.5487790187392733,2.503047631207314e-07,0.5590840465745883,2.50304764688286e-07,0.5590781057839709,2.503047662558832e-07,0.5590721651226971,2.503093185713631e-07,0.5684623576597725,2.503093202014803e-07,0.568456585952416,2.503093218316349e-07,0.5684508143601473
2.503578436712487e-07,0.5492527000741215,2.503578450495026e-07,0.5492465599139991,2.503578464278073e-07,0.5492404199037423,2.503621167731318e-07,0.5595575403267212,2.503621186467966e-07,0.5595515779588986,2.503621205205215e-07,0.5595456157199713,2.503676268061944e-07,0.5689488896741832,2.503676288304728e-07,0.5689430967349992,2.503676308548015e-07,0.568937303910635
2.504368043902197e-07,0.5496934568538193,2.504368056810575e-07,0.5496873117378775,2.504368069719749e-07,0.5496811667710015,2.504411708770994e-07,0.5600434620840616,2.504411724922009e-07,0.5600374910222879,2.50441174107417e-07,0.5600315200887381,2.504462522124255e-07,0.5694684280155293,2.504462540896555e-07,0.5694626258666086,2.504462559669775e-07,0.5694568238319039
2.505371297889823e-07,0.5498989835714243,2.505371311879908e-07,0.549892839687928,2.505371325871104e-07,0.549886695953132,2.505422548741198e-07,0.5602922781666264,2.50542256752016e-07,0.5602863074864443,2.505422586300634e-07,0.5602803369342055,2.505489025952302e-07,0.5697607917023942,2.505489047860156e-07,0.5697549888832969,2.505489069769242e-07,0.5697491861783344
2.506759188002956e-07,0.5499530212654516,2.506759204356866e-07,0.5499468780526026,2.506759220712269e-07,0.5499407349882666,2.506794157057953e-07,0.5603680344167754,2.506794180416782e-07,0.5603620640540077,2.506794203777652e-07,0.5603560938188394,2.506856900246151e-07,0.569858809930188,2.506856927801701e-07,0.5698530070003599,2.506856955358912e-07,0.5698472041844463
2.508814591375516e-07,0.5499556559706801,2.508814613350483e-07,0.5499495128992006,2.508814635327755e-07,0.5499433699762037,2.508785056983426e-07,0.5603745072350838,2.508785091523358e-07,0.5603685369301815,2.508785126066216e-07,0.5603625667531701,2.508813192849744e-07,0.5698693229008065,2.508813233481458e-07,0.5698635199325004,2.508813274115505e-07,0.5698577170779205
2.512528613348842e-07,0.5499552486822608,2.512528638625934e-07,0.5499491055769885,2.512528663907867e-07,0.5499429626200198,2.512210334006919e-07,0.560373917735829,2.512210380752555e-07,0.5603679474195614,2.512210427504356e-07,0.5603619772307397,2.512047221956318e-07,0.5698691391811738,2.512047281008337e-07,0.5698633361919644,2.512047340064976e-07,0.5698575333170327
2.519956657295495e-07,0.5499552478070594,2.519956689176835e-07,0.5499491047242807,2.519956721068092e-07,0.549942961789742,2.519060888053905e-07,0.5603738703709176,2.51906095921095e-07,0.5603679000592905,2.519061030380636e-07,0.5603619298758287,2.518515280169466e-07,0.5698687237847453,2.518515376062096e-07,0.5698629208089413,2.518515471963918e-07,0.5698571179469504
2.5348127451888e-07,0.5499551401421562,2.534812790278639e-07,0.5499489970521679,2.534812835388542e-07,0.5499428541098467,2.532761996147878e-07,0.5603738335754831,2.532762116127738e-07,0.5603678632635354,2.532762236133196e-07,0.5603618930798584,2.531451396595763e-07,0.5698688698358643,2.531451566169613e-07,0.5698630668549168,2.531451735761803e-07,0.5698572639881089
2.56452492097541e-07,0.5499548165902749,2.564524992482246e-07,0.5499486734995016,2.56452506402944e-07,0.5499425305607905,2.560164212335823e-07,0.560373520016042,2.560164429961315e-07,0.560367549704024,2.560164647638316e-07,0.5603615795225272,2.557323629448355e-07,0.569868651693019,2.557323946384648e-07,0.5698628487104582,2.557324263357572e-07,0.5698570458446786
2.623949272548631e-07,0.5499543599860122,2.62394939688946e-07,0.5499482169015938,2.623949521311238e-07,0.5499420739753543,2.614968644711713e-07,0.5603731380703422,2.61496905762847e-07,0.5603671677631533,2.614969470648556e-07,0.5603611975858709,2.609068095153539e-07,0.5698683400144952,2.609068706814718e-07,0.5698625370356504,2.60906931854911e-07,0.5698567341734049
2.742797975695073e-07,0.5499534005485938,2.742798205703889e-07,0.5499472574760437,2.742798435874833e-07,0.5499411145618622,2.724577509463493e-07,0.560372253640841,2.724578312962778e-07,0.5603662833369385,2.724579116669036e-07,0.5603603131654925,2.712557026563907e-07,0.5698676988264211,2.712558227674857e-07,0.5698618958460063,2.712559428932186e-07,0.5698560929905387
2.871398987847536e-07,0.5499526203107125,2.871399102851944e-07,0.5499464772605469,2.871399217937417e-07,0.5499403343559712,2.884577509463493e-07,0.5603713235093709,2.884578312962778e-07,0.5603653532233704,2.884579116669036e-07,0.5603593830649517,2.872557026563907e-07,0.5698669640803289,2.872558227674857e-07,0.5698611611103799,2.872559428932186e-07,0.5698553582633592
3e-07,0.549951869743282,3e-07,0.5499457267027053,3e-07,0.5499395838034394,3e-07,0.5603706602486959,3e-07,0.5603646899823882,3e-07,0.5603587198338147,3e-07,0.5698664639661478,3e-07,0.5698606610012443,3e-07,0.5698548581687025
3.001e-07,0.4304565220882806,3.001e-07,0.4304526726035294,3.001e-07,0.430448823176488,3.001e-07,0.4397616873750007,3.001e-07,0.4397579782415795,3.001e-07,0.4397542691448481,3.001e-07,0.4482861178807733,3.001e-07,0.4482825340335902,3.001e-07,0.4482789502406194
3.001135743559703e-07,0.4176042945927128,3.001135743559703e-07,0.4176006237311434,3.001135743559703e-07,0.4175969529248255,3.001135743559824e-07,0.4267465042807058,3.001135743559824e-07,0.4267429747875368,3.001135743559824e-07,0.4267394453284395,3.001135743558906e-07,0.4351312336258562,3.001135743558906e-07,0.4351278248156736,3.001135743558906e-07,0.4351244160572316
3.001401697836964e-07,0.3972930711486368,3.001401697836281e-07,0.3972895613753905,3.001401697835597e-07,0.3972860516634717,3.001401610718155e-07,0.4060199099305173,3.001401610712246e-07,0.4060165457606115,3.001401610706335e-07,0.4060131816305386,3.001401690890835e-07,0.4140236573997064,3.001401690883569e-07,0.4140204193704944,3.001401690876302e-07,0.4140171813981475
3.001655737939349e-07,0.3856802024640469,3.001655737938624e-07,0.3856765933493635,3.001655737937898e-07,0.385672984312691,3.00165564555811e-07,0.3938707026784843,3.001655645551844e-07,0.3938672457048294,3.001655645545577e-07,0.3938637887872793,3.001655730573758e-07,0.4013911157529012,3.001655730566053e-07,0.4013878057591407,3.001655730558347e-07,0.4013844958369099
3.002077124944209e-07,0.3763952325240663,3.002077124806265e-07,0.3763913547825189,3.002077124668448e-07,0.3763874771356482,3.002076881430233e-07,0.3837891412527009,3.002076881579193e-07,0.3837854151263599,3.002076881728246e-07,0.3837816890732372,3.00207748027057e-07,0.3905751182534268,3.002077479528486e-07,0.3905715568277228,3.002077478786523e-07,0.390567995491388
3.002502151058324e-07,0.3735847110188061,3.002502158636981e-07,0.3735806148527803,3.002502166215963e-07,0.3735765187811114,3.002524328849346e-07,0.3803827245275498,3.00252433751542e-07,0.3803787566598174,3.002524346181817e-07,0.3803747888651827,3.002548289067523e-07,0.3865716991917486,3.002548295255028e-07,0.3865678658263932,3.002548301442685e-07,0.3865640325527895
3.002973587306736e-07,0.3729343815336914,3.002973598045746e-07,0.3729302300533917,3.002973608785161e-07,0.3729260786684756,3.003005444025058e-07,0.3795800601370193,3.003005456122186e-07,0.3795760330799884,3.003005468219694e-07,0.3795720060974626,3.00303969134885e-07,0.3856338967268134,3.003039701909938e-07,0.3856299900237299,3.003039712471262e-07,0.385626083412128
3.003532187756108e-07,0.3729886882350379,3.003532199680597e-07,0.3729845205746251,3.003532211605738e-07,0.3729803530090878,3.003568771727741e-07,0.3795938331829321,3.003568785927829e-07,0.3795897889494518,3.003568800128499e-07,0.3795857447901469,3.003610245435364e-07,0.3856082520717661,3.003610258379588e-07,0.3856043256715912,3.003610271324171e-07,0.3856003993622548
3.004311671058583e-07,0.3732062622060556,3.004311682649306e-07,0.3732020903681649,3.004311694240894e-07,0.373197918624894,3.004359456163199e-07,0.379821191746663,3.004359466208249e-07,0.3798171416399713,3.004359476254504e-07,0.3798130916073451,3.004392781045379e-07,0.3858389271402211,3.004392790208753e-07,0.3858349944366081,3.004392799373072e-07,0.3858310618233454
3.005280296483728e-07,0.373341224464457,3.005280309325684e-07,0.3733370529011827,3.005280322168815e-07,0.3733328814322293,3.005335349776833e-07,0.3799807841635869,3.005335361552043e-07,0.3799767343209486,3.005335373328752e-07,0.3799726845518909,3.005381519687046e-07,0.3860241015832132,3.005381529701229e-07,0.3860201689095958,3.005381539716538e-07,0.3860162363263727
3.006610696099644e-07,0.3733868193828963,3.006610711214133e-07,0.3733826481697933,3.006610726330207e-07,0.3733784770508206,3.006653163256596e-07,0.3800403831466363,3.00665317686535e-07,0.3800363338038848,3.006653190476104e-07,0.3800322845346257,3.006688241511231e-07,0.3861011959536908,3.006688252604147e-07,0.3860972639070871,3.006688263698554e-07,0.3860933319506389
3.00858440737574e-07,0.3733906370496968,3.008584425928992e-07,0.3733864659897607,3.008584444484852e-07,0.373382295023889,3.008557045224323e-07,0.3800485218137389,3.008557064138987e-07,0.3800444726755652,3.008557083056572e-07,0.3800404236108612,3.008544639143922e-07,0.3861134054155191,3.008544654031907e-07,0.3861094736751576,3.008544668921881e-07,0.3861055420248875
3.012163265568433e-07,0.3733903792597915,3.012163282855557e-07,0.3733862081635193,3.012163300148002e-07,0.3733820371611947,3.01187846686136e-07,0.3800480218053995,3.011878481744617e-07,0.3800439726438232,3.011878496634008e-07,0.3800399235558839,3.011638640351484e-07,0.3861140099050174,3.011638651578154e-07,0.3861100781561713,3.011638662809155e-07,0.3861061464973978
3.019320981953819e-07,0.3733902995169153,3.019320996708689e-07,0.3733861284457565,3.019321011474302e-07,0.3733819574694079,3.018521310135434e-07,0.3800480283416621,3.018521316955877e-07,0.3800439791942506,3.018521323788879e-07,0.3800399301203065,3.017826642766609e-07,0.3861133234296504,3.017826646670648e-07,0.3861093916861299,3.017826650583703e-07,0.3861054600328199
3.033636414724592e-07,0.3733903412683794,3.033636424414952e-07,0.3733861701867425,3.033636434126902e-07,0.3733819992013516,3.031806996683583e-07,0.3800480532756841,3.031806987378396e-07,0.3800440041236039,3.031806978098622e-07,0.3800399550443227,3.030202647596858e-07,0.3861139497754434,3.030202636855636e-07,0.3861100180278935,3.0302026261328e-07,0.3861060863708684
3.062267280266137e-07,0.3733902107529561,3.062267279827478e-07,0.3733860396705436,3.062267279432101e-07,0.3733818686854036,3.058378369779881e-07,0.3800479160245046,3.058378328223436e-07,0.3800438668720109,3.058378286718106e-07,0.3800398177924921,3.054954657257355e-07,0.3861135989276441,3.054954617225611e-07,0.3861096671832533,3.054954577230994e-07,0.3861057355301302
3.119529011349227e-07,0.373390071737104,3.11952899065253e-07,0.3733859006587714,3.119528970042501e-07,0.3733817296782315,3.111521115972476e-07,0.3800478127444343,3.111521009913515e-07,0.3800437635963207,3.111520903957076e-07,0.3800397145198142,3.104458676578351e-07,0.3861134858475102,3.104458577965562e-07,0.3861095541086724,3.104458479427382e-07,0.3861056224560369
3.234052473515407e-07,0.3733896805924762,3.234052412302634e-07,0.3733855095151294,3.234052351263299e-07,0.3733813385442249,3.217806608357666e-07,0.3800474434463083,3.217806373293673e-07,0.3800433943036903,3.217806138435015e-07,0.3800393452349116,3.203466715220342e-07,0.3861133060273912,3.203466499445465e-07,0.386109374294299,3.203466283820159e-07,0.3861054426463044
3.367026236757704e-07,0.3733893422144248,3.367026206151317e-07,0.373385171146249,3.36702617563165e-07,0.3733810001888123,3.377806608357666e-07,0.3800470590605768,3.377806373293673e-07,0.3800430099219153,3.377806138435015e-07,0.3800389608617535,3.363466715220341e-07,0.3861130074402487,3.363466499445464e-07,0.3861090757054226,3.363466283820158e-07,0.3861051440631761
3.5e-07,0.3733889607413606,3.5e-07,0.373384789670459,3.5e-07,0.3733806187236187,3.5e-07,0.3800467046057975,3.5e-07,0.3800426554726761,3.5e-07,0.3800386064181879,3.5e-07,0.3861128158894675,3.5e-07,0.3861088841580611,3.5e-07,0.3861049525230963
3.501e-07,0.2401929404138664,3.501e-07,0.2401912876214178,3.501e-07,0.2401896348631363,3.501e-07,0.2466489228308542,3.501e-07,0.2466473389557489,3.501e-07,0.2466457550727605,3.501e-07,0.2525592448016915,3.501e-07,0.2525577064635624,3.501e-07,0.2525561681405485
3.501135743559089e-07,0.225892117670481,3.501135743559089e-07,0.2258906638690723,3.501135743559089e-07,0.2258892100988114,3.501135743559194e-07,0.2322683654236099,3.501135743559194e-07,0.2322669755815574,3.501135743559194e-07,0.2322655857290495,3.501135743558331e-07,0.2381354090826977,3.501135743558331e-07,0.2381340646638769,3.501135743558331e-07,0.238132720257189
3.501401722975394e-07,0.2032263251521908,3.501401722975563e-07,0.2032250572759452,3.501401722975733e-07,0.2032237894363967,3.501401657789618e-07,0.2092919267753839,3.501401657791164e-07,0.2092907247260574,3.501401657792708e-07,0.2092895226715971,3.501401742264264e-07,0.2149101807997976,3.501401742265404e-07,0.2149090330547526,3.501401742266542e-07,0.2149078895989766
3.501655764592516e-07,0.1901967503870386,3.501655764592697e-07,0.1901953847969655,3.501655764592877e-07,0.1901940192605695,3.501655695469382e-07,0.1957521137628112,3.501655695471022e-07,0.1957508230437207,3.501655695472659e-07,0.1957495323357021,3.501655785047403e-07,0.2009203042838409,3.501655785048611e-07,0.2009190832846429,3.501655785049819e-07,0.2009178646326727
3.502078426791282e-07,0.1797207291733005,3.502078426860935e-07,0.1797190760081845,3.502078426930688e-07,0.1797174229142902,3.502076568225813e-07,0.1844597401571442,3.502076570091635e-07,0.1844581364808095,3.502076571957499e-07,0.1844565328322364,3.502081498229444e-07,0.1887600416735817,3.502081499727855e-07,0.1887585171593077,3.502081501423415e-07,0.1887569895531947
3.502524872779762e-07,0.1763996251338874,3.502524881072729e-07,0.1763977283953607,3.502524889366009e-07,0.1763958317277287,3.502545752705109e-07,0.180424245153658,3.502545762922157e-07,0.1804223987381341,3.502545773139418e-07,0.1804205523516515,3.502577218344183e-07,0.1840710665455422,3.502577230266947e-07,0.1840692624143409,3.502577242530771e-07,0.1840674566708522
3.503007312739487e-07,0.1755908605586837,3.503007324326645e-07,0.1755889112975905,3.503007335914174e-07,0.1755869621087821,3.503038237389761e-07,0.1794391423404396,3.50303825237843e-07,0.1794372428170697,3.50303826736735e-07,0.1794353433239078,3.503084146030406e-07,0.1829490062340784,3.503084162864186e-07,0.1829471542213201,3.503084180073369e-07,0.1829453018414076
3.503572750029708e-07,0.1754888800545198,3.503572763522546e-07,0.1754869178846966,3.503572777015957e-07,0.1754849557866303,3.503610558958939e-07,0.1792829267131641,3.5036105767001e-07,0.1792810153678601,3.503610594441646e-07,0.1792791040525667,3.503665727906542e-07,0.1827484012848619,3.503665748206628e-07,0.1827465391861545,3.503665768920061e-07,0.1827446771198281
3.504359561737001e-07,0.1755607058795735,3.504359574780573e-07,0.1755587409991084,3.504359587824935e-07,0.1755567761901853,3.504399092810837e-07,0.1793470263041,3.504399108580103e-07,0.179345112105836,3.504399124350194e-07,0.179343197937356,3.504451968074936e-07,0.182802203059644,3.504451987172267e-07,0.1828003385668981,3.504452006785609e-07,0.1827984741583957
3.505353429805046e-07,0.1756227667550177,3.50535344431912e-07,0.1756208018289641,3.505353458834308e-07,0.1756188369744788,3.505397853384026e-07,0.1794190434702264,3.505397871781692e-07,0.1794171288948733,3.505397890180411e-07,0.1794152143492668,3.50546538094359e-07,0.1828819146063005,3.505465403742466e-07,0.1828800495792244,3.505465427226377e-07,0.1828781846480385
3.506730078978742e-07,0.1756455303047712,3.506730096196276e-07,0.1756435654409319,3.506730113415333e-07,0.175641600648539,3.506753551811808e-07,0.1794490861086881,3.506753574711394e-07,0.1794471714907817,3.506753597612399e-07,0.1794452569025349,3.506816902759219e-07,0.1829188152420944,3.506816931805611e-07,0.1829169499859437,3.506816961806632e-07,0.1829150847823335
3.508789002852404e-07,0.1756471644941998,3.508789025036709e-07,0.1756451997088939,3.508789047223486e-07,0.1756432349951458,3.508733739754635e-07,0.1794527888523158,3.508733772606879e-07,0.1794508742682889,3.508733805461189e-07,0.1794489597138614,3.508758314566255e-07,0.182925282614927,3.50875835671942e-07,0.1829234172937964,3.508758400373291e-07,0.182921552033879
3.512568268333363e-07,0.175647315010427,3.512568291287732e-07,0.1756453501956644,3.512568314247472e-07,0.1756433854523743,3.512204665042961e-07,0.1794529315578994,3.512204707225222e-07,0.1794510169499371,3.51220474941197e-07,0.1794491023716268,3.512030463557871e-07,0.1829255025195009,3.512030524103803e-07,0.182923637183386,3.512030587245292e-07,0.1829217718893349
3.520126799295281e-07,0.1756470265406016,3.520126823789779e-07,0.1756450617498242,3.520126848295446e-07,0.17564309703037,3.519146515619613e-07,0.17945259327541,3.519146576461909e-07,0.1794506786886544,3.519146637313532e-07,0.1794487641315201,3.518574761541105e-07,0.1829251463640071,3.518574858872568e-07,0.1829232810386788,3.518574960989292e-07,0.1829214157739483
3.535243861219117e-07,0.1756471894204637,3.535243888793872e-07,0.1756452246194634,3.535243916391393e-07,0.1756432598897224,3.533030216772917e-07,0.1794527853115273,3.533030314935284e-07,0.1794508707148427,3.533030413116657e-07,0.1794489561477116,3.531663357507573e-07,0.1829255288863397,3.531663528410098e-07,0.1829236635510089,3.531663708477293e-07,0.1829217982581063
3.56547798506679e-07,0.1756471571848603,3.565478018802057e-07,0.1756451923829721,3.565478052583288e-07,0.175643227651911,3.560797619079524e-07,0.179452754315317,3.560797791882032e-07,0.179450839717629,3.560797964722905e-07,0.1794489251500229,3.557840549440508e-07,0.1829253421152165,3.557840867485159e-07,0.1829234767843793,3.557841203453295e-07,0.1829216115059916
3.625946232762136e-07,0.1756471229481649,3.625946278818429e-07,0.1756451581480711,3.625946324967078e-07,0.1756431934196423,3.616332423692739e-07,0.1794527290246632,3.616332745775529e-07,0.1794508144278595,3.616333067935401e-07,0.1794488998610498,3.610194933306379e-07,0.1829253294025451,3.61019554563528e-07,0.1829234640722921,3.610196193405299e-07,0.1829215987944421
3.746882728152827e-07,0.1756469861552028,3.746882798851172e-07,0.1756450213562173,3.746882869734657e-07,0.1756430566320943,3.727402032919169e-07,0.1794526065529218,3.727402653562522e-07,0.1794506919580843,3.727403274360394e-07,0.1794487773921106,3.714903701038121e-07,0.1829252765693065,3.714904901935522e-07,0.1829234112388627,3.714906173309307e-07,0.1829215459617201
3.906882728152827e-07,0.1756468355771089,3.906882798851172e-07,0.1756448707816542,3.906882869734657e-07,0.1756429060620938,3.887402032919168e-07,0.1794524619080945,3.887402653562522e-07,0.1794505473188796,3.887403274360394e-07,0.1794486327560465,3.874903701038121e-07,0.182925189705099,3.874904901935522e-07,0.1829233243751403,3.874906173309306e-07,0.1829214591016195
4.066882728152827e-07,0.1756466610736787,4.066882798851172e-07,0.1756446962850286,4.066882869734657e-07,0.1756427315637808,4.047402032919168e-07,0.1794522911919148,4.047402653562522e-07,0.1794503766041718,4.047403274360394e-07,0.1794484620472299,4.034903701038121e-07,0.1829251045989299,4.034904901935522e-07,0.1829232392719005,4.034906173309306e-07,0.1829213739982509
4.226882728152827e-07,0.1756465187958047,4.226882798851172e-07,0.1756445540109107,4.226882869734656e-07,0.1756425892940796,4.207402032919168e-07,0.1794521533783928,4.207402653562522e-07,0.1794502387924514,4.207403274360394e-07,0.1794483242390177,4.194903701038121e-07,0.1829250250699542,4.194904901935522e-07,0.1829231597454001,4.194906173309306e-07,0.1829212944725753
4.386882728152827e-07,0.1756463552868508,4.386882798851172e-07,0.1756443905056471,4.386882869734656e-07,0.1756424257922003,4.367402032919168e-07,0.1794519933448614,4.367402653562521e-07,0.1794500787614371,4.367403274360394e-07,0.1794481642076579,4.35490370103812e-07,0.1829249492294096,4.354904901935522e-07,0.1829230839077105,4.354906173309306e-07,0.1829212186345876
4.546882728152826e-07,0.1756462197817559,4.546882798851171e-07,0.175644255003011,4.546882869734656e-07,0.1756422902881918,4.527402032919168e-07,0.179451861995792,4.527402653562521e-07,0.1794499474146171,4.527403274360394e-07,0.1794480328615641,4.51490370103812e-07,0.182924876688761,4.514904901935522e-07,0.1829230113679877,4.514906173309306e-07,0.1829211461008878
4.706882728152826e-07,0.1756460621754313,4.706882798851171e-07,0.175644097401261,4.706882869734656e-07,0.1756421326850036,4.687402032919168e-07,0.1794517079715435,4.687402653562521e-07,0.1794497933935754,4.687403274360393e-07,0.1794478788430576,4.67490370103812e-07,0.18292480599301,4.674904901935522e-07,0.1829229406758817,4.674906173309306e-07,0.1829210754091188
4.866882728152826e-07,0.1756459293246007,4.866882798851171e-07,0.1756439645563251,4.866882869734656e-07,0.1756419998475538,4.847402032919168e-07,0.1794515790541044,4.847402653562522e-07,0.1794496644743087,4.847403274360394e-07,0.1794477499313644,4.834903701038121e-07,0.1829247365141096,4.834904901935521e-07,0.1829228711986555,4.834906173309305e-07,0.1829210059323549
5.026882728152826e-07,0.1756457748631715,5.026882798851172e-07,0.1756438101018389,5.026882869734657e-07,0.1756418453911721,5.007402032919168e-07,0.1794514283094243,5.007402653562522e-07,0.1794495137324086,5.007403274360394e-07,0.1794475991878983,4.994903701038121e-07,0.1829246683298666,4.994904901935522e-07,0.1829228030170817,4.994906173309306e-07,0.1829209377545134
5.186882728152827e-07,0.1756456428323313,5.186882798851172e-07,0.1756436780725196,5.186882869734657e-07,0.1756417133624976,5.167402032919169e-07,0.1794513000163957,5.167402653562522e-07,0.1794493854479774,5.167403274360395e-07,0.179447470904195,5.154903701038121e-07,0.1829246001247505,5.154904901935522e-07,0.182922734812889,5.154906173309306e-07,0.1829208695548989
5.346882728152827e-07,0.1756454902062783,5.346882798851172e-07,0.1756435254509213,5.346882869734658e-07,0.1756415607438055,5.327402032919169e-07,0.1794511512444785,5.327402653562523e-07,0.1794492366790592,5.327403274360395e-07,0.1794473221374713,5.314903701038122e-07,0.1829245332118777,5.314904901935523e-07,0.1829226678997848,5.314906173309307e-07,0.1829208026440871
5.506882728152828e-07,0.1756453581555111,5.506882798851173e-07,0.1756433934018616,5.506882869734658e-07,0.1756414286989132,5.48740203291917e-07,0.1794510227788565,5.487402653562523e-07,0.1794491082130149,5.487403274360395e-07,0.1794471936789846,5.474903701038122e-07,0.1829244654755655,5.474904901935523e-07,0.182922600162641,5.474906173309307e-07,0.1829207349099078
5.666882728152828e-07,0.1756452067460093,5.666882798851173e-07,0.1756432419938598,5.666882869734658e-07,0.1756412772929594,5.64740203291917e-07,0.1794508753681116,5.647402653562523e-07,0.1794489607940424,5.647403274360396e-07,0.1794470462681951,5.634903701038122e-07,0.1829243992569881,5.634904901935523e-07,0.1829225339421331,5.634906173309307e-07,0.1829206686915019
5.826882728152828e-07,0.1756450743160241,5.826882798851173e-07,0.1756431095660677,5.826882869734659e-07,0.1756411448688109,5.80740203291917e-07,0.1794507463770685,5.807402653562524e-07,0.1794488318070975,5.807403274360396e-07,0.1794469172873218,5.794903701038123e-07,0.1829243316217174,5.794904901935524e-07,0.1829224663075764,5.794906173309308e-07,0.1829206010584202
5.986882728152829e-07,0.1756449282895871,5.986882798851174e-07,0.17564296354162,5.986882869734659e-07,0.175640998844934,5.967402032919171e-07,0.1794506042918348,5.967402653562524e-07,0.179448689726883,5.967403274360396e-07,0.1794467752055257,5.954903701038123e-07,0.1829242658293025,5.954904901935524e-07,0.1829224005127501,5.954906173309308e-07,0.1829205352653459
6.146882728152829e-07,0.1756447865526412,6.146882798851174e-07,0.1756428218049017,6.146882869734659e-07,0.1756408571135394,6.127402032919171e-07,0.1794504662566369,6.127402653562525e-07,0.179448551702713,6.127403274360397e-07,0.1794466371819253,6.114903701038124e-07,0.1829241981334635,6.114904901935524e-07,0.1829223328207576,6.114906173309308e-07,0.1829204675718591
6.306882728152829e-07,0.1756446452750582,6.306882798851174e-07,0.1756426805344499,6.30688286973466e-07,0.175640715841261,6.287402032919171e-07,0.1794503287671155,6.287402653562525e-07,0.1794484142138474,6.287403274360397e-07,0.1794464997005075,6.274903701038124e-07,0.182924132633739,6.274904901935525e-07,0.1829222673215916,6.274906173309309e-07,0.1829204020770639
6.46688272815283e-07,0.1756445036188772,6.466882798851175e-07,0.1756425388803498,6.46688286973466e-07,0.1756405741903402,6.447402032919172e-07,0.1794501908171425,6.447402653562525e-07,0.179448276267929,6.447403274360398e-07,0.179446361759646,6.434903701038124e-07,0.182924065426029,6.434904901935525e-07,0.1829222001150118,6.434906173309309e-07,0.1829203348749437
6.62688272815283e-07,0.1756443623798029,6.626882798851175e-07,0.1756423976437958,6.626882869734661e-07,0.1756404329593384,6.607402032919172e-07,0.1794500533617059,6.607402653562526e-07,0.1794481388163796,6.607403274360398e-07,0.1794462243048754,6.594903701038125e-07,0.1829239989056493,6.594904901935525e-07,0.1829221335969203,6.59490617330931e-07,0.1829202683590934
6.786882728152831e-07,0.1756442207601971,6.786882798851176e-07,0.1756422560290829,6.786882869734661e-07,0.1756402913475893,6.767402032919173e-07,0.1794499154549154,6.767402653562526e-07,0.1794480009114048,6.767403274360398e-07,0.1794460864057444,6.754903701038125e-07,0.1829239322774254,6.754904901935526e-07,0.1829220669702732,6.75490617330931e-07,0.1829202017340985
6.946882728152831e-07,0.1756440795278496,6.946882798851176e-07,0.1756421148071086,6.946882869734661e-07,0.1756401501283072,6.927402032919173e-07,0.1794497780072738,6.927402653562526e-07,0.1794478634648954,6.927403274360399e-07,0.1794459489650924,6.914903701038125e-07,0.1829238657709694,6.914904901935526e-07,0.1829220004699812,6.91490617330931e-07,0.1829201352331651
7.106882728152831e-07,0.1756439379325084,7.106882798851176e-07,0.1756419732160849,7.106882869734662e-07,0.175640008536378,7.087402032919173e-07,0.1794496401277718,7.087402653562527e-07,0.1794477255862905,7.087403274360399e-07,0.17944581108905,7.074903701038126e-07,0.1829237991634226,7.074904901935527e-07,0.1829219338642599,7.074906173309311e-07,0.1829200686302499
7.266882728152832e-07,0.175643796705565,7.266882798851177e-07,0.1756418319910291,7.266882869734662e-07,0.1756398673185919,7.247402032919174e-07,0.1794495026789467,7.247402653562527e-07,0.1794475881391384,7.247403274360399e-07,0.1794456736489002,7.234903701038126e-07,0.1829237326619428,7.234904901935527e-07,0.1829218673649994,7.234906173309311e-07,0.1829200021309506
7.426882728152832e-07,0.1756436551271845,7.426882798851177e-07,0.1756416904169454,7.426882869734662e-07,0.1756397257461007,7.407402032919174e-07,0.1794493648179627,7.407402653562527e-07,0.1794474502751791,7.4074032743604e-07,0.1794455357897141,7.394903701038127e-07,0.1829236660621145,7.394904901935527e-07,0.1829218007703855,7.394906173309311e-07,0.1829199355384683
7.586882728152832e-07,0.1756435138955054,7.586882798851177e-07,0.1756415491907184,7.586882869734663e-07,0.1756395845213736,7.567402032919174e-07,0.1794492273632839,7.567402653562528e-07,0.179447312821076,7.5674032743604e-07,0.1794453983373848,7.554903701038127e-07,0.1829235995618622,7.554904901935528e-07,0.1829217342721069,7.554906173309312e-07,0.1829198690421508
7.746882728152833e-07,0.1756433723289184,7.746882798851178e-07,0.1756414076278058,7.746882869734663e-07,0.1756394429556853,7.727402032919175e-07,0.1794490895155972,7.727402653562528e-07,0.1794471749742595,7.727403274360401e-07,0.1794452604933288,7.714903701038127e-07,0.182923532968726,7.714904901935528e-07,0.1829216676821878,7.714906173309312e-07,0.1829198024519308
7.873441364076417e-07,0.1756432606470813,7.873441399425589e-07,0.1756412959487169,7.873441434867331e-07,0.1756393312798432,7.887402032919175e-07,0.1794489520537108,7.887402653562529e-07,0.1794470375140253,7.887403274360401e-07,0.1794451230410394,7.874903701038128e-07,0.1829234664690015,7.874904901935528e-07,0.1829216011842835,7.874906173309313e-07,0.1829197359569178
8e-07,0.1756431486445117,8e-07,0.1756411839474047,8e-07,0.1756392192800589,8e-07,0.1794488549946865,8e-07,0.1794469404597929,8e-07,0.1794450259865595,8e-07,0.182923414397272,8e-07,0.1829215491141596,8e-07,0.1829196838902654
